timestamp,emg1,emg2,emg3,emg4,emg5,emg6,emg7,emg8,label
10.017392,12,-36,19,93,75,36,-28,6,3.230099495
10.017475,49,50,-5,12,-48,62,27,-9,3.230099495
10.031214,-29,-53,-30,16,65,57,6,-68,3.230099495
10.031224,34,28,-2,-11,-46,86,58,-29,3.230099495
10.032602,18,19,-5,-56,-64,-41,-55,5,3.230099495
10.032616,-39,8,16,9,-67,4,-2,-33,3.230099495
10.053934,-36,48,-11,0,38,-7,-81,45,3.230099495
10.053964,-43,-9,-5,-21,-21,-34,8,-49,3.230099495
10.057271,57,17,0,17,38,-7,21,9,3.230099495
10.057283,29,-21,9,23,44,7,-47,28,3.230099495
10.067405,28,41,15,-41,-90,-31,1,-21,3.230099495
10.067429,-35,13,-7,19,82,15,-33,-99,3.230099495
10.076921,-32,-73,-2,-54,-128,-34,13,28,3.230099495
10.076936,-32,-73,-17,9,116,-35,-28,-42,3.230099495
10.093190,39,-45,-12,27,-40,19,36,-20,3.230099495
10.093208,104,44,22,39,-61,-31,-54,-35,3.230099495
10.093215,-31,-29,2,-3,14,42,19,39,3.230099495
10.093220,-29,15,-16,-56,-52,60,43,-60,3.230099495
10.113883,-46,-36,-2,-19,-49,-75,-28,-8,3.230099495
10.113913,-47,-3,-6,47,83,-36,-28,6,3.230099495
10.115796,-7,3,12,33,123,121,41,9,3.230099495
10.115807,-40,-8,9,-11,17,27,-62,28,3.230099495
10.127291,-5,26,-5,-24,-68,-82,-6,-42,3.230099495
10.127315,105,93,12,-11,2,100,-6,10,3.230099495
10.138485,69,21,14,0,36,-68,15,28,3.230099495
10.138496,-55,-103,-28,25,-30,-6,-14,-85,3.230099495
10.151366,106,104,8,-12,-20,-18,-33,18,3.230099495
10.151390,-11,-128,-4,2,50,-11,39,84,3.230099495
10.153508,4,48,-7,-12,8,-21,27,9,3.230099495
10.153519,45,89,22,71,-51,-51,-13,50,3.230099495
10.174223,7,-55,15,8,-9,-32,87,29,3.230099495
10.174254,-59,-128,-42,-65,39,107,-73,-84,3.230099495
10.175368,20,62,13,-9,-56,-15,-3,-36,3.230099495
10.175386,-32,65,25,11,55,27,19,61,3.230099495
10.187350,4,90,4,-39,-72,-46,19,-28,3.230099495
10.187399,11,-9,-3,38,71,36,-24,31,3.230099495
10.197995,-19,87,16,-2,-14,28,-17,23,3.230099495
10.198010,-5,-29,-27,-29,-42,3,3,-63,3.230099495
10.218541,65,-29,-5,-1,-24,4,-31,-53,3.230099495
10.218581,11,55,10,-9,-78,-91,23,-60,3.230099495
10.219991,-49,79,-2,14,3,3,-17,-83,3.230099495
10.220000,107,-44,-7,-28,8,-22,-14,-13,3.230099495
10.233566,-39,4,-10,51,116,34,17,51,3.169272676
10.233619,-29,-22,1,-35,-128,72,25,19,3.169272676
10.235174,-55,-48,-29,33,51,-48,-73,-42,3.169272676
10.235255,17,81,18,-26,-12,-45,31,-26,3.169272676
10.255482,34,-52,-1,34,18,-14,60,35,3.169272676
10.255516,15,3,10,29,104,75,53,45,3.169272676
10.265621,20,-31,-1,-30,33,12,-26,14,3.169272676
10.265633,67,74,4,31,-14,-69,-36,-36,3.169272676
10.271752,-68,34,10,-30,-36,26,-23,15,3.169272676
10.271771,50,38,-12,-19,-53,-28,22,-21,3.169272676
10.274365,-19,-20,3,-1,-90,-38,-17,-13,3.169272676
10.274377,-65,-16,-9,-13,-31,0,13,5,3.169272676
10.295368,10,66,15,2,-6,26,-5,7,3.169272676
10.295380,-8,77,5,-54,-88,-40,5,20,3.169272676
10.295383,-38,-128,-32,29,40,19,-36,30,3.169272676
10.295385,-65,-99,4,51,123,95,32,47,3.169272676
10.316376,3,45,26,-2,-14,-60,-57,11,3.169272676
10.316490,-46,-28,-21,-11,-44,32,73,-11,3.169272676
10.317487,-1,101,16,19,-5,-90,-79,-26,3.169272676
10.318736,-33,-118,-18,8,-52,17,22,5,3.169272676
10.331060,27,20,1,-34,-112,-33,-18,0,3.169272676
10.331077,45,54,6,-3,37,62,-31,-22,3.169272676
10.332613,-11,66,13,8,19,-51,60,-29,3.169272676
10.332627,26,-28,5,-5,-33,-14,-5,102,3.169272676
10.353967,-120,-88,-31,2,35,36,-4,-94,3.169272676
10.353997,69,-56,1,-18,-86,-51,-19,28,3.169272676
10.356979,52,2,2,-2,-31,59,40,15,3.169272676
10.357000,50,67,10,-45,-35,-31,-49,-69,3.169272676
10.376162,-38,83,16,6,62,31,7,-3,3.169272676
10.376178,-33,-56,-7,16,-9,8,-93,-56,3.169272676
10.377702,50,44,20,81,10,-75,49,22,3.169272676
10.377761,-7,-60,-16,-31,32,26,-29,-53,3.169272676
10.390436,105,126,18,39,18,26,40,3,3.169272676
10.390461,-53,-92,-23,-33,-94,-104,-44,-42,3.169272676
10.397405,-3,10,12,-15,46,47,24,14,3.169272676
10.397434,27,-19,-20,-30,27,34,-17,-5,3.169272676
10.413649,46,-16,-5,9,16,4,-62,37,3.169272676
10.413671,-9,94,12,19,5,-27,36,91,3.169272676
10.415271,-30,-128,-24,-55,-102,-37,-17,48,3.169272676
10.415292,73,85,13,31,-12,-22,7,84,3.169272676
10.436370,-53,-26,-14,-46,12,38,-1,-46,3.169272676
10.436412,-48,-28,5,61,73,-23,9,-71,3.169272676
10.438406,14,-55,-15,-54,-70,-5,5,5,3.169272676
10.438868,-41,44,0,69,103,47,-7,-4,3.169272676
10.450811,-1,-5,7,-27,-91,-47,-10,0,3.169272676
10.450843,-49,50,24,43,80,48,85,6,3.169272676
10.457529,-25,-50,-20,-18,-67,-33,1,-57,3.169272676
10.457558,0,-110,6,53,5,-7,12,-24,3.169272676
10.474447,-6,20,-9,-26,-10,24,46,26,3.169272676
10.474479,1,108,11,-27,34,72,5,36,3.169272676
10.476453,-31,-80,-2,3,51,-6,-4,65,3.169272676
10.476467,-1,27,-21,-1,0,-16,-4,-26,3.169272676
10.496206,26,-31,8,12,-14,36,25,60,3.106372781
10.496223,27,-63,-19,-70,-128,-120,-74,-7,3.106372781
10.498393,-88,34,15,75,127,107,21,17,3.106372781
10.498405,55,-79,-9,-12,-51,-27,38,36,3.106372781
10.510497,-3,21,2,53,78,21,-46,-7,3.106372781
10.510515,51,86,17,8,-7,5,-20,6,3.106372781
10.517552,33,30,-9,-93,-128,-16,44,37,3.106372781
10.517639,-7,-58,-13,18,-14,-52,-12,-12,3.106372781
10.541739,37,23,-12,-30,-20,-10,3,-4,3.106372781
10.541766,46,80,20,43,14,44,9,-16,3.106372781
10.543858,-25,-60,-27,-17,15,-2,-34,-113,3.106372781
10.543870,-26,118,6,-43,-34,-19,9,-35,3.106372781
10.556430,-20,-41,-15,-13,-78,6,36,-13,3.106372781
10.556462,6,41,-19,-73,-104,-128,-66,-3,3.106372781
10.559435,106,-8,30,118,83,110,92,-11,3.106372781
10.559448,17,108,17,-8,-37,-88,-30,8,3.106372781
10.570977,42,-99,-13,-54,5,18,-62,-35,3.106372781
10.571008,47,-128,15,84,70,-18,-2,-25,3.106372781
10.577239,11,-20,-25,-2,37,23,-18,-55,3.106372781
10.577257,-35,12,4,0,-21,-62,98,-50,3.106372781
10.593856,52,113,13,-25,-73,-29,-26,74,3.106372781
10.593867,33,-106,-16,-15,-21,-7,13,38,3.106372781
10.595088,-71,-4,1,-21,-42,-14,-50,-14,3.106372781
10.595102,56,11,-6,1,19,33,-9,-37,3.106372781
10.616048,-54,91,22,26,42,-27,5,-16,3.106372781
10.616065,-25,-112,-20,-24,-8,20,15,0,3.106372781
10.617543,-20,-1,-2,-2,-68,-22,-34,13,3.106372781
10.617553,-44,-97,-8,-21,-66,-37,-5,-5,3.106372781
10.630660,28,37,7,98,127,21,24,10,3.106372781
10.630678,-26,53,5,21,93,46,10,-11,3.106372781
10.637611,60,26,-9,-36,-59,-14,-56,37,3.106372781
10.637634,60,59,9,21,94,-71,-101,42,3.106372781
10.653906,-67,-128,-36,-19,94,5,12,-38,3.106372781
10.653941,-14,-66,7,15,16,-22,49,-4,3.106372781
10.656412,14,52,-8,-36,-108,-60,-1,-31,3.106372781
10.656424,61,64,17,6,-19,-21,78,25,3.106372781
10.676782,-42,-12,-18,-40,-91,-54,1,-43,3.106372781
10.676801,-1,81,6,10,-26,-9,6,-9,3.106372781
10.682336,46,-9,-3,-46,-67,-25,-6,15,3.106372781
10.682353,-128,-35,-3,-5,3,74,-19,13,3.106372781
10.690908,54,15,11,-3,-65,-34,32,29,3.106372781
10.690933,-18,-93,-18,-22,20,-5,-22,-7,3.106372781
10.697466,43,122,5,-29,-12,-73,21,7,3.106372781
10.697490,-41,-128,7,45,93,121,-7,-50,3.106372781
10.713837,15,-62,-21,53,-5,-63,-59,96,3.106372781
10.713862,-84,127,8,-16,121,97,72,-3,3.106372781
10.716407,-31,25,4,33,2,-37,-18,67,3.106372781
10.716419,3,36,-5,-45,-76,-67,72,-64,3.106372781
10.736245,-21,-49,0,-52,-128,-34,2,-38,3.106372781
10.736258,63,11,-8,29,54,68,15,39,3.106372781
10.737578,39,70,6,0,11,-22,-28,60,3.261475084
10.737595,86,-34,6,7,-40,-5,-37,26,3.261475084
10.749796,-27,12,0,-6,0,12,10,-77,3.261475084
10.749831,-12,100,1,-12,-27,-47,-19,29,3.261475084
10.761247,-44,-84,-1,-33,29,56,31,-105,3.261475084
10.761258,12,61,-1,34,-53,-11,0,-24,3.261475084
10.774237,29,-47,17,5,42,59,2,-8,3.261475084
10.774278,-36,-73,-21,-35,-95,-16,-29,-12,3.261475084
10.777703,-17,-94,25,19,60,40,-44,-19,3.261475084
10.777716,-3,17,-25,-11,-36,109,34,15,3.261475084
10.796047,-62,-109,-4,-32,-114,-52,-13,-40,3.261475084
10.796061,21,65,7,51,83,29,-11,33,3.261475084
10.797599,-12,89,0,-28,-75,-36,-37,-70,3.261475084
10.797615,-95,-105,-21,-63,-37,-55,-28,38,3.261475084
10.811787,127,18,8,33,11,26,-12,23,3.261475084
10.811800,-27,-94,-27,-8,3,-45,34,-18,3.261475084
10.819897,19,70,-10,9,18,-14,-3,-35,3.261475084
10.819908,38,12,7,14,43,32,-7,55,3.261475084
10.833546,45,127,7,-9,-15,13,28,-26,3.261475084
10.833565,-85,-108,0,-84,-93,-37,-21,-26,3.261475084
10.835194,-18,-15,-1,77,114,-32,35,18,3.261475084
10.835231,-26,63,-4,15,23,67,-50,-59,3.261475084
10.856444,-28,-75,-16,-62,17,39,-30,26,3.261475084
10.856461,9,113,9,83,36,62,11,21,3.261475084
10.858303,-64,-122,-23,-69,-85,-48,-11,22,3.261475084
10.858316,42,-36,5,47,39,20,-21,80,3.261475084
10.870056,34,111,15,6,87,-11,32,-59,3.261475084
10.870081,-44,-27,-10,-20,44,22,-13,-61,3.261475084
10.879780,30,-72,-3,-8,-119,42,-10,3,3.261475084
10.879792,-6,-3,4,-21,-33,-72,3,-21,3.261475084
10.893643,48,79,13,32,45,81,27,-13,3.261475084
10.893666,15,-87,-6,-1,-50,-57,7,3,3.261475084
10.895115,11,127,3,14,67,36,17,13,3.261475084
10.895168,29,-4,-3,-32,-74,-38,9,-22,3.261475084
10.916440,57,73,22,-49,-111,-16,33,12,3.261475084
10.916472,-33,-42,4,74,27,31,6,2,3.261475084
10.918970,44,64,-1,-14,48,-37,-42,-56,3.261475084
10.918980,58,-34,2,-5,-86,93,26,112,3.261475084
10.929992,8,74,6,63,70,62,-16,104,3.261475084
10.932108,64,25,22,-15,-68,-6,-69,6,3.261475084
10.940179,-45,-128,-7,34,114,-63,22,-22,3.261475084
10.940266,6,11,-3,-42,-64,81,61,-35,3.261475084
10.953686,-91,19,-5,7,33,-50,-18,-40,3.261475084
10.953696,0,118,10,-26,-87,-44,-13,38,3.261475084
10.955013,48,36,5,11,-8,30,23,39,3.261475084
10.955023,-49,127,23,-9,20,-37,-25,-88,3.261475084
10.976195,38,-128,-38,6,-8,-32,16,22,3.261475084
10.976217,41,127,10,-18,39,-51,-4,24,3.261475084
10.978285,-73,-72,-14,-58,-72,5,1,-76,3.261475084
10.978296,6,1,0,26,51,-49,-1,8,3.261475084
10.990090,-39,18,-2,-1,18,-35,-5,-63,3.261475084
10.990114,22,-55,1,39,74,69,-10,-63,3.261475084
11.000464,5,-9,-3,19,-113,127,87,-14,3.197308807
11.000477,-11,-2,-2,-24,-100,-116,-59,18,3.197308807
11.014019,-54,72,4,-5,31,98,8,-9,3.197308807
11.014041,-24,-45,-19,-11,8,21,-46,-15,3.197308807
11.016200,-10,-22,-11,-13,45,-10,8,24,3.197308807
11.016243,9,88,14,15,10,-19,-25,-91,3.197308807
11.036195,-85,-113,-7,-26,-101,-44,6,7,3.197308807
11.036212,-25,19,-11,-36,-62,-29,-12,-19,3.197308807
11.038242,56,72,7,12,3,22,-23,-15,3.197308807
11.038253,50,76,3,6,52,14,-10,107,3.197308807
11.050168,-57,-128,-9,-25,-74,-77,-31,-12,3.197308807
11.050191,96,101,33,-19,-116,-43,21,45,3.197308807
11.061419,1,-105,-20,25,-28,28,17,-19,3.197308807
11.061436,-98,-128,-26,21,92,-61,-7,-2,3.197308807
11.074133,90,127,10,42,104,58,-75,10,3.197308807
11.074176,20,28,7,-8,-105,96,107,17,3.197308807
11.077128,127,127,32,-9,-101,-119,6,41,3.197308807
11.077143,-72,-34,-9,34,112,112,3,-65,3.197308807
11.096087,34,-45,-19,-27,-14,-15,-40,11,3.197308807
11.096103,-58,-42,5,27,76,-74,-65,-4,3.197308807
11.097665,-24,26,11,-23,22,3,-15,33,3.197308807
11.097687,102,37,3,-22,-45,0,18,-14,3.197308807
11.110200,-13,-44,1,12,-4,-17,38,-61,3.197308807
11.110215,75,-101,-30,-20,-6,-11,-8,6,3.197308807
11.119896,24,61,9,30,39,26,12,83,3.197308807
11.119913,6,75,13,-11,-25,-26,2,-2,3.197308807
11.133667,-36,-62,-8,-2,-53,15,13,-53,3.197308807
11.133685,1,-48,-9,6,-1,-62,8,45,3.197308807
11.135239,-37,14,-7,-55,41,109,-87,-19,3.197308807
11.135251,99,-31,-2,90,71,94,94,107,3.197308807
11.157809,-40,112,16,5,-65,-48,-33,62,3.197308807
11.157822,-38,53,-7,-14,-74,-12,6,-92,3.197308807
11.157825,53,17,-9,16,75,46,-7,71,3.197308807
11.157827,-49,1,-1,-72,-61,-104,-63,-28,3.197308807
11.178554,30,67,3,12,46,61,39,-5,3.197308807
11.178572,-74,-65,-33,-4,-51,3,10,-36,3.197308807
11.180496,0,123,9,-10,-58,-54,-3,1,3.197308807
11.180509,6,12,-19,-39,-75,-26,-18,-35,3.197308807
11.193834,71,16,3,20,59,-13,35,16,3.197308807
11.193853,39,56,13,-20,-12,-26,-20,42,3.197308807
11.195776,12,-29,-9,-34,-108,4,40,-5,3.197308807
11.195789,-29,-41,-3,34,21,6,-19,36,3.197308807
11.216668,26,8,6,13,51,-106,-30,22,3.197308807
11.216685,25,106,27,62,127,127,76,-1,3.197308807
11.218675,17,-96,-20,22,-29,35,50,-34,3.197308807
11.218685,52,1,-13,-39,-54,-76,2,-16,3.197308807
11.238964,4,66,-2,-41,-21,24,-33,-61,3.197308807
11.238992,-33,62,-9,-26,77,-128,-70,49,3.197308807
11.240040,8,28,18,28,42,-34,14,47,3.197308807
11.240058,75,83,4,-43,-66,74,4,53,3.197308807
11.253978,-49,-28,-15,-6,-41,-15,-3,-2,3.149519850
11.254005,35,-108,-3,19,13,5,-28,-62,3.149519850
11.255037,-57,28,12,20,32,-17,-1,-21,3.149519850
11.255053,-13,-17,0,-30,-78,12,9,78,3.149519850
11.276285,-69,-49,8,15,50,15,4,-26,3.149519850
11.276303,37,63,10,26,65,-7,22,-6,3.149519850
11.278016,-51,-39,8,-18,-66,-60,-7,-23,3.149519850
11.278029,-64,20,-11,22,118,-28,12,-60,3.149519850
11.298565,17,-56,-12,0,-38,127,13,-39,3.149519850
11.298580,-53,-100,-20,-25,-68,-80,-39,24,3.149519850
11.300012,66,112,29,113,127,-54,-20,7,3.149519850
11.300020,-99,-50,4,39,71,0,-11,2,3.149519850
11.313033,-27,13,5,-13,-82,12,28,19,3.149519850
11.313051,92,19,7,-32,-72,-1,6,-3,3.149519850
11.319968,-92,-37,-14,-51,-77,-9,-48,-62,3.149519850
11.319999,127,89,18,-3,-46,7,-5,62,3.149519850
11.336497,-107,-44,-16,2,32,-40,3,-38,3.149519850
11.336530,61,63,3,-6,-32,40,12,37,3.149519850
11.339053,10,-10,-5,-4,-31,5,42,44,3.149519850
11.339063,-63,-20,-25,-96,-54,-15,-91,-84,3.149519850
11.361478,47,-28,-8,45,37,-42,40,55,3.149519850
11.361491,-41,63,1,11,-27,106,-28,8,3.149519850
11.361493,44,95,10,20,127,58,33,18,3.149519850
11.361496,-18,-30,-9,-29,-37,74,46,-38,3.149519850
11.374104,-7,10,-16,-78,-95,-113,-50,34,3.149519850
11.374128,-81,5,2,-4,-107,87,15,-44,3.149519850
11.379866,-26,-50,-13,-22,62,-62,-11,76,3.149519850
11.379886,-76,-53,0,6,-80,46,-25,-65,3.149519850
11.396090,127,127,18,-19,-43,-19,14,64,3.149519850
11.396107,-86,-85,-20,-13,-23,-12,12,-29,3.149519850
11.397835,-13,26,-9,-14,-48,-21,-20,-68,3.149519850
11.397855,-22,16,6,21,44,-28,21,-5,3.149519850
11.419231,102,88,40,34,14,16,-6,68,3.149519850
11.419256,-49,-73,-35,-44,60,-66,-11,-21,3.149519850
11.421394,-12,48,-18,-1,-6,37,14,-65,3.149519850
11.421405,-24,64,-3,-24,-73,-60,-47,5,3.149519850
11.433292,-34,-30,-18,26,14,61,25,-21,3.149519850
11.433317,51,47,37,48,3,68,54,55,3.149519850
11.440141,-25,-34,-18,3,-8,-70,-50,-26,3.149519850
11.440208,60,54,17,12,44,113,8,-33,3.149519850
11.456126,-11,-75,-18,24,86,-85,-16,-47,3.149519850
11.456141,101,38,-11,-10,-15,-34,5,47,3.149519850
11.457791,87,-3,-9,-36,-121,-27,0,3,3.149519850
11.457816,34,37,8,5,-12,-54,-22,-70,3.149519850
11.478738,-80,-60,12,7,9,55,15,11,3.149519850
11.478758,19,80,16,1,17,-56,-56,49,3.149519850
11.480839,91,-29,-20,-13,-15,33,25,83,3.149519850
11.480853,18,73,12,36,60,5,31,-32,3.149519850
11.493085,-83,-65,-31,-47,-62,35,8,-7,3.149519850
11.493106,72,127,19,-20,1,-39,-23,-24,3.149519850
11.500021,-125,-125,-20,-32,-111,-52,35,-63,3.149519850
11.500038,10,33,15,51,-22,55,4,43,3.149519850
11.517350,34,1,-6,63,90,75,53,23,3.203253135
11.517361,-1,10,-9,-33,-74,74,22,-7,3.203253135
11.517514,14,-8,-2,-37,64,44,-46,-29,3.203253135
11.517551,19,2,-3,-4,-78,-94,27,71,3.203253135
11.538872,-47,59,-5,-46,-31,-65,-84,-17,3.203253135
11.538910,44,68,28,18,-24,45,4,-25,3.203253135
11.544746,45,-57,-21,-25,-74,35,-5,-27,3.203253135
11.544764,-30,-52,-17,-2,-23,-74,-23,11,3.203253135
11.553292,36,54,15,-17,-32,5,34,12,3.203253135
11.553322,-79,49,6,-2,49,-60,-2,-11,3.203253135
11.559791,-14,52,3,20,-10,14,-2,8,3.203253135
11.559808,-4,-128,-15,-17,62,27,1,-51,3.203253135
11.578448,16,80,30,13,-9,-9,16,45,3.203253135
11.578460,-93,-78,-24,-8,30,-24,-49,-97,3.203253135
11.578463,-36,-48,8,-6,54,21,24,101,3.203253135
11.578465,-15,-107,-21,8,82,62,27,-33,3.203253135
11.598688,52,79,19,102,127,-54,-30,3,3.203253135
11.598707,7,-40,3,-16,-68,15,52,5,3.203253135
11.600780,3,127,24,2,103,16,-8,-8,3.203253135
11.600800,36,-22,8,84,51,-81,-14,-35,3.203253135
11.612141,12,-5,-12,-42,-74,-30,-24,-50,3.203253135
11.612159,-23,45,13,51,127,29,-23,19,3.203253135
11.623366,62,-74,-18,-2,-89,10,-61,1,3.203253135
11.623377,-55,14,-2,-42,-45,29,42,-2,3.203253135
11.636561,91,99,14,-9,-46,-6,-19,3,3.203253135
11.636581,-71,1,-20,-5,-11,-50,3,-22,3.203253135
11.638898,-44,-35,11,8,42,4,-5,-82,3.203253135
11.638908,27,74,-6,-19,-28,-4,-20,92,3.203253135
11.658660,-61,-128,-20,-74,-83,44,8,-20,3.203253135
11.658687,114,71,49,63,99,-38,-42,33,3.203253135
11.660360,-96,-8,-19,28,16,34,30,-4,3.203253135
11.660380,-20,-41,-14,2,-64,16,4,-11,3.203253135
11.672346,92,35,-1,-51,68,33,75,56,3.203253135
11.672359,-36,58,10,51,28,71,9,40,3.203253135
11.683354,-28,44,18,33,-29,-60,8,63,3.203253135
11.683366,-30,62,15,-50,-48,-28,40,84,3.203253135
11.696255,44,4,-28,-40,37,3,-7,-89,3.203253135
11.696275,-35,-58,-8,36,42,-85,-44,70,3.203253135
11.699115,91,91,15,10,61,21,5,64,3.203253135
11.699126,-21,-111,-16,-27,-43,40,-14,-22,3.203253135
11.718570,-62,-21,5,31,-32,-26,-4,-23,3.203253135
11.718580,103,-38,-9,-44,-57,-12,17,4,3.203253135
11.720056,12,3,5,0,-51,20,-24,-43,3.203253135
11.720092,23,-18,-13,-44,-66,-81,-10,-23,3.203253135
11.733048,6,77,6,19,61,86,-1,22,3.203253135
11.733061,-22,-107,-20,-9,-68,35,37,-74,3.203253135
11.742833,14,-62,-2,-22,-16,-30,-5,-24,3.203253135
11.742845,-28,54,7,-4,2,64,31,-17,3.203253135
11.756590,-21,-128,0,23,29,-16,-22,-54,3.203253135
11.756614,50,84,5,-46,43,44,39,62,3.203253135
11.758896,-100,-49,13,58,63,-17,15,-20,3.203253135
11.758912,-1,71,-11,8,25,65,20,-83,3.203253135
11.779945,-79,-31,4,4,-71,4,-42,-6,3.273534990
11.779958,12,16,-13,-46,-50,-76,-36,55,3.273534990
11.780086,70,45,12,42,6,40,39,90,3.273534990
11.780093,-36,22,22,16,-20,76,-21,-45,3.273534990
11.792687,-59,-84,-25,9,50,2,4,-16,3.273534990
11.792726,-20,-27,-7,8,2,82,-55,-39,3.273534990
11.801741,19,36,1,-3,-20,-14,31,-6,3.273534990
11.801751,30,16,5,30,22,-53,34,86,3.273534990
11.816112,16,127,39,-37,-121,-61,-38,66,3.273534990
11.816128,-3,-128,-59,21,23,67,30,-122,3.273534990
11.817714,-30,90,5,-9,-18,1,9,-79,3.273534990
11.817723,-6,-38,-3,22,57,-26,-3,25,3.273534990
11.838714,102,122,20,6,-20,-20,13,31,3.273534990
11.838738,-127,-107,-3,-25,-41,-66,2,-17,3.273534990
11.841073,-5,20,3,-35,-36,45,-5,37,3.273534990
11.841087,25,-38,8,-7,-8,-80,-20,25,3.273534990
11.853209,-43,-44,-10,-20,-26,60,44,-49,3.273534990
11.853226,41,72,12,59,108,51,-71,30,3.273534990
11.862393,-70,-90,-13,-30,-127,-80,88,-54,3.273534990
11.862405,-19,23,-15,-26,-70,-53,-42,-26,3.273534990
11.876270,22,-9,6,63,77,80,3,2,3.273534990
11.876288,48,57,13,11,11,11,108,7,3.273534990
11.877640,-22,1,4,-10,65,4,-14,24,3.273534990
11.877658,42,-94,-24,-35,-36,0,-24,20,3.273534990
11.898925,21,-71,-14,-12,-95,-62,29,43,3.273534990
11.898941,21,89,8,-41,-59,-14,-4,-12,3.273534990
11.900938,-8,41,-1,9,43,4,-69,-52,3.273534990
11.900948,25,37,18,16,75,34,36,14,3.273534990
11.912325,-7,74,-9,13,-13,2,-32,-16,3.273534990
11.912342,18,62,37,-5,-48,-36,36,87,3.273534990
11.923323,-24,-68,-51,-109,-90,21,-30,-51,3.273534990
11.923333,46,85,14,110,127,67,-43,83,3.273534990
11.936036,-10,33,13,-67,60,33,37,-35,3.273534990
11.936047,6,64,15,61,21,-22,18,-76,3.273534990
11.937499,4,-28,-13,10,-75,20,-40,-35,3.273534990
11.937508,-11,3,-6,-18,63,-66,-21,-29,3.273534990
11.958726,-32,6,-19,-32,28,-26,-27,16,3.273534990
11.958745,23,14,-9,4,28,38,-30,-25,3.273534990
11.960718,22,-77,-5,16,-21,49,56,23,3.273534990
11.960733,71,86,35,-2,-38,16,15,21,3.273534990
11.972712,21,-36,-45,-7,-111,-38,-7,55,3.273534990
11.972744,56,-12,-15,-56,-86,-52,-13,-34,3.273534990
11.983499,28,90,15,18,35,-3,7,17,3.273534990
11.983512,5,93,12,-13,-47,-11,-13,-60,3.273534990
11.997810,-18,-43,15,22,50,-2,70,2,3.273534990
11.997822,-43,-87,-20,-78,-127,-55,-22,27,3.273534990
11.997825,57,43,17,39,116,-21,-32,91,3.273534990
11.997828,-31,-50,-5,47,45,98,37,-42,3.273534990
12.018803,-21,-45,11,38,48,39,34,8,3.240284618
12.018826,-64,-128,-35,-64,-88,-28,-34,-22,3.240284618
12.020951,-35,97,21,90,108,48,19,-25,3.240284618
12.020993,-92,-85,-25,-37,-92,-92,-34,-78,3.240284618
12.032793,-8,64,-9,1,18,75,-16,-15,3.240284618
12.032823,-6,6,1,5,-83,41,21,-4,3.240284618
12.043937,10,123,1,-61,-86,-90,-24,-11,3.240284618
12.043951,17,28,-3,-8,-40,-19,-1,30,3.240284618
12.056402,-103,-61,1,17,-38,-70,-41,-14,3.240284618
12.056432,16,-45,-22,-41,-17,-7,-1,20,3.240284618
12.059739,80,-38,5,-17,59,36,-20,-29,3.240284618
12.059751,7,-20,-8,1,-63,57,10,32,3.240284618
12.078746,31,73,14,53,59,-22,-64,65,3.240284618
12.078767,-27,51,19,35,45,55,31,12,3.240284618
12.080209,41,-122,-32,1,35,-45,2,46,3.240284618
12.080366,-53,44,-9,-26,11,51,21,-6,3.240284618
12.101726,52,-61,9,-6,-29,12,16,-22,3.240284618
12.101757,-8,1,16,39,127,15,18,-26,3.240284618
12.104432,1,-33,-6,-8,-23,67,-4,6,3.240284618
12.104442,23,-26,3,-29,25,-55,-37,30,3.240284618
12.116510,72,103,20,-1,-58,12,19,-24,3.240284618
12.116542,-109,-58,-51,-16,-96,-60,17,-68,3.240284618
12.119354,-8,76,18,-39,35,-7,-21,-29,3.240284618
12.119365,14,82,-10,-32,-44,-10,5,7,3.240284618
12.138552,58,-55,-6,-32,87,-6,-37,-7,3.240284618
12.138588,74,-28,10,62,-48,-51,15,81,3.240284618
12.140012,-46,8,-14,-11,-4,-68,37,-23,3.240284618
12.140021,12,25,2,49,51,-10,15,-52,3.240284618
12.161287,3,90,-15,-58,-67,-30,1,18,3.240284618
12.161304,-54,-41,-2,-20,-23,-29,3,-10,3.240284618
12.162832,10,-108,4,8,-118,-37,-34,23,3.240284618
12.162847,22,18,-5,-15,-95,-71,-32,10,3.240284618
12.176118,-42,44,-6,28,50,92,61,-48,3.240284618
12.176145,88,72,24,15,-28,-22,-62,100,3.240284618
12.178702,43,31,-9,-12,-84,46,-14,-62,3.240284618
12.178714,-31,18,-2,2,69,-33,-2,79,3.240284618
12.201172,-16,-90,-19,-6,-40,21,-40,-60,3.240284618
12.201182,26,23,17,-26,54,9,17,32,3.240284618
12.205130,-4,-20,26,18,-95,39,-2,-5,3.240284618
12.205156,8,19,14,13,112,51,-52,-6,3.240284618
12.221339,0,43,-37,24,-15,11,67,-36,3.240284618
12.221362,43,-24,-20,-43,105,44,-14,-20,3.240284618
12.223007,-20,-32,9,62,53,51,62,0,3.240284618
12.223018,27,-21,-1,-29,-94,35,-66,-1,3.240284618
12.236485,-6,-58,4,6,-66,-26,-54,38,3.240284618
12.236517,-33,127,17,24,0,19,4,-15,3.240284618
12.238491,-70,-78,-48,-57,-67,-54,-30,-47,3.240284618
12.238502,62,48,9,11,26,29,30,-16,3.240284618
12.258881,64,41,5,-18,-24,-94,-49,-44,3.240284618
12.258908,15,-27,-8,-5,-26,-3,-8,-74,3.240284618
12.260816,-35,34,12,21,57,-2,21,41,3.240284618
12.260833,-29,-51,6,-37,-100,-18,18,64,3.240284618
12.281438,-25,24,1,9,44,5,-43,-42,3.369991712
12.281464,-59,9,-7,-25,-42,65,-66,-29,3.369991712
12.282664,127,71,8,56,87,12,60,45,3.369991712
12.282687,4,25,10,-34,-97,58,71,-25,3.369991712
12.295395,6,56,16,74,102,85,102,-42,3.369991712
12.295412,24,47,0,8,-54,-59,-39,-38,3.369991712
12.302584,-92,-31,-23,-47,-32,32,-55,32,3.369991712
12.302608,-33,32,-6,-21,-75,-96,23,-57,3.369991712
12.318931,69,-28,1,-7,-57,-7,-16,36,3.369991712
12.318963,9,96,16,14,2,-6,30,28,3.369991712
12.321631,29,59,24,-12,-3,38,2,12,3.369991712
12.321641,11,-6,0,16,87,-84,-8,-86,3.369991712
12.341250,73,-65,-30,-40,-74,-16,-37,73,3.369991712
12.341271,-54,-107,-12,-25,-61,-89,-27,54,3.369991712
12.342926,-65,91,12,46,64,-6,2,67,3.369991712
12.342944,90,-12,18,72,29,28,13,46,3.369991712
12.355424,-86,35,10,-23,15,-69,31,-40,3.369991712
12.355440,92,-96,-27,32,-37,-51,16,52,3.369991712
12.362348,-38,31,14,-2,33,61,4,-37,3.369991712
12.362373,-22,-12,-17,2,-27,-31,33,-13,3.369991712
12.378595,-21,32,1,-31,58,-18,34,63,3.369991712
12.379611,-40,55,17,-19,59,38,-6,-64,3.369991712
12.380148,33,90,11,-13,-91,-82,32,-41,3.369991712
12.380249,-49,-118,-27,-34,9,100,-90,-27,3.369991712
12.402931,-34,-90,-15,-22,-103,-52,-23,-71,3.369991712
12.402942,14,63,18,11,7,51,53,36,3.369991712
12.402945,24,56,23,27,-1,29,12,38,3.369991712
12.402947,-96,-118,-31,-3,14,-40,16,-27,3.369991712
12.416140,-61,17,5,-37,-108,-52,-26,0,3.369991712
12.416186,-4,-1,-32,-32,-48,-13,-45,17,3.369991712
12.422769,113,66,25,7,40,38,6,14,3.369991712
12.422795,-1,-56,-7,-7,13,93,29,-12,3.369991712
12.439217,-9,-85,-15,-1,-65,-51,-77,-24,3.369991712
12.439246,-28,3,-5,-21,10,33,72,-25,3.369991712
12.441723,3,95,4,-28,-128,-55,-46,-30,3.369991712
12.441796,-43,-16,-7,25,117,11,-26,20,3.369991712
12.461142,-72,-26,12,6,9,19,43,-50,3.369991712
12.461164,27,-91,-6,-38,-37,35,-2,-31,3.369991712
12.463260,9,3,-8,24,4,-31,-19,-24,3.369991712
12.463272,6,88,9,2,10,-1,29,-73,3.369991712
12.475674,-25,-13,9,17,10,-2,5,-23,3.369991712
12.475692,1,48,14,54,-33,34,-22,13,3.369991712
12.482974,65,10,2,-18,-25,-37,-11,26,3.369991712
12.483005,-96,-103,-21,-87,-87,0,90,-34,3.369991712
12.498077,32,127,7,106,127,77,-27,81,3.369991712
12.498101,40,51,18,13,-28,-6,12,17,3.369991712
12.500598,-69,-128,-42,-27,-30,-85,22,-37,3.369991712
12.500615,11,127,14,21,-9,21,-7,33,3.369991712
12.521615,32,90,8,-44,14,-25,-59,-15,3.369991712
12.521639,16,85,6,-4,8,-2,26,-53,3.369991712
12.523658,-73,-119,-14,5,6,8,-30,51,3.369991712
12.523700,21,43,11,0,-38,-30,-3,-13,3.369991712
12.535041,49,-14,-7,-10,-21,12,12,5,3.463045885
12.535072,15,-62,-12,-30,0,-23,7,-12,3.463045885
12.542413,58,-52,7,-32,18,-29,-29,-19,3.463045885
12.542433,3,-45,6,74,79,85,22,38,3.463045885
12.557836,23,1,11,-5,-89,-58,-18,-17,3.463045885
12.557856,-26,64,-8,-17,38,123,-84,-41,3.463045885
12.560043,-3,-29,-13,74,97,-5,61,-4,3.463045885
12.560057,108,121,25,6,-83,40,9,89,3.463045885
12.581149,-30,-98,-20,-14,-49,22,-14,9,3.463045885
12.581184,12,89,7,-20,39,-45,28,22,3.463045885
12.583273,-120,76,11,-44,-97,-21,-8,-93,3.463045885
12.583282,-72,-70,-42,4,43,-6,-2,-15,3.463045885
12.594785,42,51,0,-6,-58,0,11,-40,3.463045885
12.594802,42,27,10,12,33,17,35,14,3.463045885
12.602707,-34,127,-5,-36,-102,57,-15,45,3.463045885
12.604763,-59,-52,0,9,21,-128,-60,-17,3.463045885
12.618091,107,93,3,-15,-56,91,25,26,3.463045885
12.618115,-37,-128,-28,92,80,-18,-81,-62,3.463045885
12.620168,5,66,1,-4,61,23,-19,3,3.463045885
12.620180,88,19,23,-20,-44,6,67,53,3.463045885
12.640969,-84,-85,-19,-41,-41,-79,-34,-15,3.463045885
12.641014,6,43,18,39,15,-12,-19,24,3.463045885
12.641303,24,52,-15,-25,1,-11,-2,60,3.463045885
12.641338,29,-79,-14,-12,58,78,-35,-55,3.463045885
12.655085,39,97,18,-7,-26,45,47,28,3.463045885
12.655111,-16,-68,-15,-12,-60,-42,77,13,3.463045885
12.662272,-86,-128,-27,3,42,10,-45,74,3.463045885
12.662289,36,49,-3,-61,-128,-100,19,-37,3.463045885
12.677953,6,60,11,106,127,62,18,31,3.463045885
12.677975,3,52,2,-11,-29,57,-93,-52,3.463045885
12.679679,91,-89,-4,-22,-69,-48,101,36,3.463045885
12.679690,-28,-58,-5,-47,-93,45,29,-9,3.463045885
12.700340,81,2,41,81,127,-3,17,60,3.463045885
12.700352,-37,54,-8,-21,-61,-17,4,32,3.463045885
12.701031,127,-51,-5,22,4,-8,-38,-86,3.463045885
12.701067,36,107,-21,-21,-53,45,-17,-56,3.463045885
12.714724,50,63,10,-50,-66,-45,21,-18,3.463045885
12.714742,43,-64,-2,10,37,-1,26,-17,3.463045885
12.722675,38,105,30,14,-2,22,-2,4,3.463045885
12.722707,-31,-61,-7,0,-1,-35,-4,22,3.463045885
12.738099,-52,17,-8,-20,51,16,-7,4,3.463045885
12.738119,-20,26,10,-2,-100,-103,31,-57,3.463045885
12.740565,-57,-29,-12,21,39,127,-8,-64,3.463045885
12.740576,29,89,6,-32,-84,5,-84,-6,3.463045885
12.761715,-94,28,1,-1,-34,-94,34,36,3.463045885
12.761726,-33,-44,-27,-3,43,66,2,-14,3.463045885
12.761729,-75,-75,-8,22,1,-87,8,-10,3.463045885
12.761731,15,16,5,-12,-67,35,-27,-28,3.463045885
12.777435,73,70,27,56,53,95,36,37,3.463045885
12.777448,-27,-23,-11,-26,43,8,27,35,3.463045885
12.782587,-48,-73,-13,-37,-85,-42,23,-51,3.463045885
12.782618,-25,52,14,38,112,19,11,14,3.463045885
12.798212,-12,-71,-26,-37,-76,-46,-20,-67,3.440589037
12.798236,-21,40,25,17,-13,-56,-14,-23,3.440589037
12.798808,-12,48,-5,-29,-45,66,-11,-1,3.440589037
12.798825,-38,-26,2,7,-51,-105,-20,2,3.440589037
12.820863,-10,-29,-21,-35,-4,25,-15,-25,3.440589037
12.820894,88,76,14,37,91,-19,21,82,3.440589037
12.822996,-1,-27,8,-15,-99,-37,22,19,3.440589037
12.823004,-29,-70,-14,-9,40,103,33,-1,3.440589037
12.835176,-2,-31,-11,54,0,-50,-43,12,3.440589037
12.835201,-26,-122,-1,-33,-28,-28,-35,-11,3.440589037
12.842315,-26,30,5,-58,-68,-70,3,-40,3.440589037
12.842333,43,6,31,127,127,40,47,34,3.440589037
12.858125,-128,11,-1,-45,-128,-33,15,-81,3.440589037
12.858149,-8,16,-24,-31,-44,-1,-5,20,3.440589037
12.860145,53,68,3,-8,-33,3,-9,70,3.440589037
12.860160,17,67,-2,-26,-53,-73,-48,104,3.440589037
12.880638,34,11,12,9,50,14,9,2,3.440589037
12.880661,-62,-44,2,18,-1,18,16,-31,3.440589037
12.883471,54,127,9,-4,26,14,-16,21,3.440589037
12.883482,-42,-60,-14,4,34,-18,29,7,3.440589037
12.894892,11,20,-10,-35,-46,6,-14,43,3.440589037
12.896713,95,121,25,53,47,7,32,-50,3.440589037
12.902791,67,-61,-16,-23,80,-21,-16,-34,3.440589037
12.902821,89,127,-18,16,-66,31,-85,59,3.440589037
12.917929,-41,-121,-2,10,63,124,39,-6,3.440589037
12.917947,-9,73,-10,-32,-19,-18,-14,-45,3.440589037
12.919525,-19,38,28,0,-42,-108,-64,-53,3.440589037
12.919534,-37,-20,-3,72,127,18,41,-115,3.440589037
12.941259,33,-46,-27,-41,-51,-4,-82,15,3.440589037
12.941290,30,36,11,-7,-69,71,-12,60,3.440589037
12.943870,-78,-72,0,15,1,34,28,-11,3.440589037
12.943934,-77,-37,-16,-79,-110,-85,-36,-31,3.440589037
12.955141,-38,-74,-26,-11,-26,-13,20,-90,3.440589037
12.955158,-37,0,14,19,15,-21,24,43,3.440589037
12.962431,55,33,-17,-1,-2,13,-22,1,3.440589037
12.962449,99,38,16,6,7,10,-10,3,3.440589037
12.977887,-101,-109,-4,4,29,-35,38,-58,3.440589037
12.977904,12,23,-7,-69,-122,-33,-23,48,3.440589037
12.979442,81,112,17,105,74,90,15,-2,3.440589037
12.979454,-38,-56,11,18,-35,1,37,25,3.440589037
13.000670,32,32,14,-9,76,-29,74,36,3.440589037
13.000693,-20,-91,-32,-1,14,-57,-74,5,3.440589037
13.001251,-1,23,-9,-53,-84,-28,6,27,3.440589037
13.001267,40,55,16,76,109,100,95,9,3.440589037
13.015257,-18,-8,-11,-14,58,-10,-26,13,3.440589037
13.015274,106,-12,-2,-1,-40,-3,23,20,3.440589037
13.022584,-21,-99,4,-7,-10,19,-15,48,3.440589037
13.022667,0,83,-11,-31,-63,-49,-54,-53,3.440589037
13.038302,-35,-27,-12,-12,-42,13,-44,19,3.440589037
13.038329,-14,-57,-2,3,42,32,64,-21,3.440589037
13.040735,58,21,2,10,20,0,-48,60,3.440589037
13.040746,28,25,12,-25,5,-23,-12,25,3.440589037
13.060436,57,74,6,-28,-97,11,-9,20,3.325366452
13.060456,-67,-12,3,20,-47,-3,-4,-33,3.325366452
13.061048,-52,52,-10,-19,14,0,5,23,3.325366452
13.061059,-55,-99,-41,-90,-27,-48,-70,-29,3.325366452
13.083341,31,112,23,97,92,36,23,57,3.325366452
13.083363,24,75,14,-31,-59,-78,3,34,3.325366452
13.085484,-127,-66,-24,79,127,118,33,-38,3.325366452
13.085493,110,127,1,-26,-96,42,82,-41,3.325366452
13.098314,34,83,12,1,-24,-58,-54,-1,3.325366452
13.098347,36,-102,-46,-30,24,91,38,-8,3.325366452
13.100606,-9,71,8,-13,-22,-52,-50,-85,3.325366452
13.100614,-47,19,13,-12,-64,-38,-31,9,3.325366452
13.120680,10,7,-4,-11,-58,8,-11,-30,3.325366452
13.120691,46,95,27,31,89,-57,-5,-6,3.325366452
13.121037,12,-47,5,-9,-57,-8,6,-14,3.325366452
13.121046,-23,-96,-27,-4,25,-12,-4,-9,3.325366452
13.143161,72,-28,-8,-26,-66,-15,15,13,3.325366452
13.143185,-81,-32,1,-14,42,5,-21,-60,3.325366452
13.144969,47,78,18,18,5,-76,33,73,3.325366452
13.144984,-73,-58,12,37,73,-6,-67,-53,3.325366452
13.158382,62,17,13,71,-6,32,23,79,3.325366452
13.158415,54,31,11,-34,-123,43,22,0,3.325366452
13.160927,-63,-12,1,47,103,-62,65,-26,3.325366452
13.160940,24,127,38,67,60,-19,-7,40,3.325366452
13.181712,-52,-118,-39,-66,-84,-33,-9,-90,3.325366452
13.181730,-71,69,2,24,4,-19,0,23,3.325366452
13.181735,75,-20,0,-59,-128,-2,27,18,3.325366452
13.181740,99,88,11,4,91,32,-11,76,3.325366452
13.203040,-94,-60,-34,-32,-39,55,-52,-82,3.325366452
13.203063,42,0,-2,25,26,-23,-5,12,3.325366452
13.203664,80,20,-8,-46,-65,5,-42,18,3.325366452
13.203681,-22,11,20,31,99,64,42,-9,3.325366452
13.218074,127,113,30,-12,33,-16,5,108,3.325366452
13.218091,-121,-128,-40,-7,-65,62,4,-53,3.325366452
13.219770,18,-60,-3,-45,-78,-25,7,21,3.325366452
13.219781,64,13,7,62,10,-68,-12,-7,3.325366452
13.241028,1,21,19,21,116,-59,-17,23,3.325366452
13.241071,23,-2,3,11,86,14,-24,12,3.325366452
13.243554,-55,98,26,22,18,-6,78,-18,3.325366452
13.243567,19,-128,-38,-89,-128,-100,12,94,3.325366452
13.262883,13,12,-3,0,-49,45,4,7,3.325366452
13.262904,68,71,21,-21,-88,-58,-13,6,3.325366452
13.263845,69,-50,-21,0,-7,35,-39,-38,3.325366452
13.263863,-37,-70,-4,-14,6,31,11,26,3.325366452
13.277898,-57,61,12,-49,-50,-30,-2,-54,3.325366452
13.277916,6,-19,14,24,116,13,18,42,3.325366452
13.279504,-3,-24,-1,30,16,98,-69,-63,3.325366452
13.279520,-60,36,16,13,-30,-44,44,-18,3.325366452
13.300738,1,-65,-18,91,110,57,-59,21,3.300804982
13.300762,-62,67,1,-3,-119,0,9,-43,3.300804982
13.302966,10,61,4,0,66,4,-18,4,3.300804982
13.302982,-6,-11,-4,-42,-69,66,17,-77,3.300804982
13.323724,-120,-96,-25,-21,-39,-38,-5,14,3.300804982
13.323734,-28,-10,-7,-9,14,-64,-32,-11,3.300804982
13.323736,16,81,-7,2,-2,-41,-6,93,3.300804982
13.323738,23,-67,-10,-15,-35,20,-29,-50,3.300804982
13.339589,43,38,10,-20,-17,-16,50,101,3.300804982
13.339598,-5,76,5,-5,-9,20,11,-6,3.300804982
13.339600,-7,-79,-9,-36,-66,-7,18,-25,3.300804982
13.339603,-25,72,5,44,110,-25,-24,6,3.300804982
13.360503,25,49,22,17,78,14,1,68,3.300804982
13.360520,23,-55,-3,31,7,-85,11,-4,3.300804982
13.361876,-28,-19,-16,32,99,100,-8,-47,3.300804982
13.361888,-68,-71,-13,-46,-107,-44,19,-72,3.300804982
13.385592,-6,8,-9,-13,-49,-98,-41,-52,3.300804982
13.385609,21,37,6,30,113,118,36,10,3.300804982
13.385615,2,-2,7,-7,-29,-54,-22,-4,3.300804982
13.385620,44,-6,2,10,-33,-8,19,-12,3.300804982
13.398468,113,127,27,-11,-59,-27,8,-23,3.300804982
13.398501,21,-110,-35,-26,-16,-26,15,-22,3.300804982
13.400479,22,14,-6,-1,60,5,4,53,3.300804982
13.400493,-1,68,-1,0,25,6,-10,-59,3.300804982
13.420926,34,83,19,42,50,-101,-9,30,3.300804982
13.420955,20,-3,6,-7,12,57,16,10,3.300804982
13.421357,-47,-9,-20,-47,-43,-62,-12,-46,3.300804982
13.421380,49,20,3,25,31,72,4,16,3.300804982
13.451006,76,29,0,-5,7,-5,14,-79,3.300804982
13.451025,-11,-79,-10,30,18,9,21,2,3.300804982
13.451712,-48,26,20,-5,-15,-38,13,2,3.300804982
13.451722,111,127,-6,-19,-66,-21,-35,-6,3.300804982
13.458288,-82,-128,-57,-17,-73,19,-9,-49,3.300804982
13.458320,52,126,6,-12,-40,-25,-16,73,3.300804982
13.460695,48,52,9,2,-5,14,4,-64,3.300804982
13.460717,-2,-64,6,-32,-37,4,21,62,3.300804982
13.480582,12,-27,23,-7,22,7,59,-2,3.300804982
13.480600,-52,-77,-14,48,27,-77,-124,-25,3.300804982
13.481168,70,44,13,68,-58,-86,37,26,3.300804982
13.481185,-93,-101,-37,-35,-67,56,74,-7,3.300804982
13.503415,23,26,6,-53,25,-32,3,7,3.300804982
13.503446,-18,17,12,0,26,36,-22,-51,3.300804982
13.506015,-61,-48,5,-27,-38,-21,34,-24,3.300804982
13.506023,-69,-42,17,57,127,47,-42,70,3.300804982
13.518363,-100,-56,-35,-34,-35,30,7,-63,3.300804982
13.518394,63,102,15,-12,-53,14,8,-14,3.300804982
13.519733,14,18,-8,13,27,43,-3,-36,3.300804982
13.519769,34,-34,3,-18,-59,-43,6,75,3.300804982
13.540331,61,24,20,14,-51,48,13,-46,3.300804982
13.540374,44,-86,-19,13,77,-23,6,39,3.300804982
13.541076,32,-17,-1,-23,-73,15,-26,11,3.300804982
13.541095,-13,12,-3,-42,41,-68,-5,-2,3.300804982
13.563327,58,105,18,98,88,-31,-22,5,3.240856968
13.563351,-50,-43,-10,-24,-28,9,25,-6,3.240856968
13.565606,-29,-105,-22,-34,-42,20,89,9,3.240856968
13.565614,53,89,-4,27,34,60,-119,-33,3.240856968
13.578017,-66,-34,-15,-44,-11,-42,63,3,3.240856968
13.578038,51,84,21,1,-75,-44,17,-8,3.240856968
13.579753,-30,76,19,-15,-21,-23,-12,61,3.240856968
13.579764,64,20,-42,-21,-83,-89,-40,18,3.240856968
13.602613,-42,21,-9,2,-9,54,16,-18,3.240856968
13.602624,2,62,-1,-30,-47,23,-9,-15,3.240856968
13.602626,-8,3,10,19,81,19,-3,3,3.240856968
13.602629,-27,45,16,30,-95,2,-9,-27,3.240856968
13.623330,-69,-79,15,47,105,95,37,60,3.240856968
13.623363,-38,-79,-45,-36,-84,-99,-14,-56,3.240856968
13.623944,17,-6,-16,23,-5,77,12,-52,3.240856968
13.623970,5,76,16,-7,47,69,-17,21,3.240856968
13.637595,3,32,-12,-5,-121,-29,10,14,3.240856968
13.637621,-67,61,23,-33,-82,70,-3,1,3.240856968
13.645581,42,-23,-1,43,14,66,40,38,3.240856968
13.645598,-71,-96,-9,7,24,-58,8,-77,3.240856968
13.660639,73,-1,0,-1,-21,34,-5,47,3.240856968
13.660656,57,23,16,-22,-39,-26,8,-3,3.240856968
13.662668,-9,-70,-15,-16,0,-57,-37,-11,3.240856968
13.662679,-49,54,25,9,-16,-10,30,1,3.240856968
13.682987,-79,-76,-34,-15,1,-13,-27,-42,3.240856968
13.683028,26,60,-10,-13,-16,-38,16,9,3.240856968
13.683467,60,103,33,-69,-44,-33,-15,42,3.240856968
13.683510,-58,-72,-30,113,108,58,32,-2,3.240856968
13.697574,-11,-37,-1,-24,-57,7,-47,-21,3.240856968
13.697605,-3,58,7,-16,-73,-2,33,28,3.240856968
13.706032,56,100,6,3,63,22,-14,30,3.240856968
13.706059,24,15,15,1,53,54,31,0,3.240856968
13.721004,5,26,6,10,42,68,-24,-37,3.240856968
13.721047,-42,-88,-12,-61,-18,-56,-53,-67,3.240856968
13.724507,21,-11,19,96,75,60,74,77,3.240856968
13.724526,16,0,-11,-79,-104,-44,44,-6,3.240856968
13.744207,-42,-51,-15,-13,-8,0,-37,-43,3.240856968
13.744222,8,55,24,6,-26,-13,0,76,3.240856968
13.744224,-42,-40,-17,-35,-45,-15,-18,-81,3.240856968
13.744226,93,85,27,10,29,-7,-38,61,3.240856968
13.760846,-39,-11,-40,-23,-30,-46,7,-1,3.240856968
13.760859,-2,61,-1,7,10,55,12,-10,3.240856968
13.766057,52,-31,-25,-13,-41,-80,-10,6,3.240856968
13.766092,107,125,24,62,54,75,19,-18,3.240856968
13.781258,104,57,25,43,56,-14,1,86,3.240856968
13.781302,-64,-77,-23,7,115,23,-31,-22,3.240856968
13.783748,-90,-7,-3,19,64,-52,-8,-41,3.240856968
13.783760,-11,11,12,47,-26,19,-39,-34,3.240856968
13.803331,10,30,25,-2,69,34,8,68,3.240856968
13.803365,47,-22,-3,23,-15,-5,59,1,3.240856968
13.805787,76,17,2,-11,-21,-6,7,12,3.240856968
13.805797,-65,-115,-21,-65,-84,17,-44,-10,3.240856968
13.817442,0,-6,0,-20,-65,-30,1,-27,3.163134564
13.817466,75,56,7,44,45,33,18,-25,3.163134564
13.825735,-31,-19,-4,-38,-70,10,-22,-17,3.163134564
13.825755,44,41,-17,-69,-45,-94,41,13,3.163134564
13.841204,-86,-77,-32,-42,-103,-29,2,-68,3.163134564
13.841239,57,21,9,35,103,84,-31,0,3.163134564
13.842029,-26,100,-4,12,-27,-36,-65,-15,3.163134564
13.842052,-44,22,-7,18,-19,-10,15,-27,3.163134564
13.862874,38,90,23,18,27,64,-19,45,3.163134564
13.862898,56,-45,-9,-38,-112,-102,22,62,3.163134564
13.870444,-40,30,8,-25,-66,62,8,-35,3.163134564
13.872603,23,39,-14,30,88,-70,13,10,3.163134564
13.877387,17,22,13,53,46,10,-39,-11,3.163134564
13.877405,-44,81,10,23,-51,33,50,10,3.163134564
13.886221,-72,-95,-11,3,-5,-2,-9,-3,3.163134564
13.886231,10,36,-11,-86,-101,-60,-4,-57,3.163134564
13.901780,105,4,11,-12,4,0,-8,-40,3.163134564
13.901791,-77,-94,-15,11,15,9,-9,-12,3.163134564
13.901794,7,97,-1,-7,74,-20,-52,-14,3.163134564
13.901796,41,15,-1,1,-40,41,28,-11,3.163134564
13.923327,-93,-15,-3,3,59,-25,-12,-50,3.163134564
13.923357,38,40,13,-43,-103,-31,19,95,3.163134564
13.925792,42,50,-3,-27,82,78,16,0,3.163134564
13.925805,-23,-81,1,64,-62,51,48,-42,3.163134564
13.937653,111,24,15,63,57,52,37,17,3.163134564
13.937684,-21,6,-8,-17,22,-33,-2,-13,3.163134564
13.945481,-72,-28,-15,-23,-74,56,-9,-86,3.163134564
13.945547,45,81,19,-37,-6,-109,1,42,3.163134564
13.960417,22,9,-8,-39,-55,-18,-3,-19,3.163134564
13.960434,-27,-43,-6,6,4,54,-11,-22,3.163134564
13.962636,34,-53,-3,5,11,-22,-7,28,3.163134564
13.962655,-46,-3,-3,-4,10,33,1,39,3.163134564
13.982864,-60,-5,1,-16,-63,-27,26,-3,3.163134564
13.982881,-47,-30,1,11,51,13,-19,32,3.163134564
13.983789,-9,-12,-6,-15,-102,-23,23,35,3.163134564
13.983806,-32,29,7,-56,-49,-59,-87,-3,3.163134564
14.006713,-43,32,-11,70,63,57,-45,12,3.163134564
14.006745,32,41,-9,-63,19,100,97,-12,3.163134564
14.008605,22,58,17,1,-85,17,-72,17,3.163134564
14.008622,-69,-49,-6,65,105,53,-25,14,3.163134564
14.021161,43,95,24,-31,-68,-48,71,31,3.163134564
14.021185,59,-66,-1,46,45,-5,19,6,3.163134564
14.023873,76,59,-1,7,10,0,2,-33,3.163134564
14.023920,-80,-25,-11,-45,-69,-23,-32,-25,3.163134564
14.042896,74,-2,14,-47,-101,-78,-30,65,3.163134564
14.042912,-28,-20,-38,3,-1,-14,-11,-63,3.163134564
14.043487,39,23,3,-1,24,7,63,-19,3.163134564
14.043498,39,7,14,13,-18,-34,6,18,3.163134564
14.066407,24,101,-4,-7,17,51,18,14,3.236237612
14.066431,-58,-44,2,35,29,-38,-48,-53,3.236237612
14.068712,-62,-60,9,15,24,-53,-25,13,3.236237612
14.068729,-11,55,-18,-39,-65,-44,23,-34,3.236237612
14.081626,18,59,-8,51,9,86,30,3,3.236237612
14.081651,-74,-57,13,22,93,-25,-43,-11,3.236237612
14.083764,50,63,-15,-12,-23,-54,44,20,3.236237612
14.083774,28,-72,-13,-28,45,-34,-64,94,3.236237612
14.103537,13,-128,-21,-11,1,-10,29,26,3.236237612
14.103566,-50,112,6,5,-50,11,-43,-14,3.236237612
14.106285,99,-45,2,-8,-49,6,-3,15,3.236237612
14.106295,-16,2,0,-11,-10,10,-5,-14,3.236237612
14.126340,-35,29,1,-22,-63,-40,-20,-26,3.236237612
14.126359,83,-43,5,11,34,21,-4,89,3.236237612
14.127082,-45,-64,-9,-22,-9,-27,-17,-60,3.236237612
14.127098,15,-8,6,8,-16,49,17,-19,3.236237612
14.149390,-27,-16,2,-4,12,-16,59,4,3.236237612
14.149414,19,118,9,5,-29,-78,-91,-23,3.236237612
14.152129,-36,-88,-26,-55,-8,-2,12,-26,3.236237612
14.152140,27,19,-1,63,82,-11,72,25,3.236237612
14.162995,-23,71,6,-22,2,98,23,-23,3.236237612
14.163020,-58,1,-6,-38,-78,-35,-53,-28,3.236237612
14.165664,-105,58,-18,-30,-76,-57,-30,-66,3.236237612
14.165675,108,15,4,18,91,-5,-6,81,3.236237612
14.186012,16,17,-2,-28,-30,-119,-24,-9,3.236237612
14.186024,-39,24,23,13,65,127,55,-70,3.236237612
14.186898,19,-68,-8,45,19,-71,1,9,3.236237612
14.186916,8,-19,4,-28,6,46,30,2,3.236237612
14.200401,-8,-6,-3,-1,13,-19,24,-32,3.236237612
14.200416,20,74,7,-14,-106,11,11,19,3.236237612
14.200974,-12,-84,-14,11,58,28,-8,-31,3.236237612
14.200983,55,31,12,-8,-84,6,3,-35,3.236237612
14.223047,-5,-41,-12,-45,-117,-43,-13,5,3.236237612
14.223064,21,13,-3,16,126,-43,-46,-11,3.236237612
14.225488,-30,45,12,11,22,127,-16,24,3.236237612
14.225502,0,-34,-3,-14,14,62,3,72,3.236237612
14.246923,15,-30,11,36,62,37,-40,65,3.236237612
14.246935,109,70,-5,-1,60,89,41,49,3.236237612
14.246938,96,-6,-20,-7,-32,-48,48,-41,3.236237612
14.246940,-63,-17,5,17,-45,16,-7,-91,3.236237612
14.260472,-45,20,-9,-58,-71,-16,-16,9,3.236237612
14.262223,46,36,-8,5,27,-34,-8,21,3.236237612
14.262241,20,-10,19,38,48,32,24,37,3.236237612
14.262244,27,46,13,0,-17,-24,-9,-32,3.236237612
14.283001,-15,9,-12,-7,26,-23,4,-17,3.236237612
14.283023,10,-35,0,-15,-57,2,16,-31,3.236237612
14.283793,-96,55,4,23,6,-56,-12,60,3.236237612
14.283809,32,32,6,-11,-48,86,-62,-8,3.236237612
14.306293,58,60,9,-43,77,58,70,9,3.236237612
14.306317,-66,-53,-4,106,55,51,27,84,3.236237612
14.308752,-15,-45,-10,-21,35,-30,-24,40,3.236237612
14.308765,84,47,14,25,11,-53,-32,52,3.236237612
14.321118,-72,-20,-11,10,15,32,-5,31,3.271975678
14.321158,-33,-86,-18,-68,-127,-83,27,-34,3.271975678
14.323433,14,5,18,15,105,73,-12,2,3.271975678
14.323443,-49,11,-9,-1,-13,-54,23,-43,3.271975678
14.343103,4,-26,-15,-4,-14,-80,-36,-38,3.271975678
14.343127,69,47,12,2,-26,-25,4,-2,3.271975678
14.343676,70,77,13,7,8,1,-10,59,3.271975678
14.343695,-13,1,-17,-51,-44,-4,16,-46,3.271975678
14.366326,-13,-102,3,15,18,9,10,-33,3.271975678
14.366349,17,19,13,53,39,-34,-29,9,3.271975678
14.368951,-43,30,-4,-72,-114,-54,-40,-28,3.271975678
14.368970,-34,-32,5,86,109,-72,29,-15,3.271975678
14.380452,34,-59,-9,-4,-27,46,33,38,3.271975678
14.380476,25,44,-7,-46,-92,-114,-45,-11,3.271975678
14.382986,25,10,0,-37,-46,-22,107,-21,3.271975678
14.382997,42,78,8,13,-9,8,-31,25,3.271975678
14.403042,2,-79,-5,12,-10,-23,-21,-29,3.271975678
14.403054,8,-96,-12,-26,0,80,-17,18,3.271975678
14.403658,50,62,12,22,-72,-3,21,33,3.271975678
14.403693,-38,40,16,9,74,18,45,-4,3.271975678
14.426410,50,6,10,15,10,6,-33,-99,3.271975678
14.426433,-26,-2,-11,-34,19,39,23,73,3.271975678
14.428728,-40,-72,-13,9,39,24,-21,-12,3.271975678
14.428741,-6,-26,-6,-20,44,-41,25,-26,3.271975678
14.441034,31,68,30,51,-125,-59,16,27,3.271975678
14.441068,-8,44,-5,-39,30,70,106,-29,3.271975678
14.443165,3,-3,-15,44,103,102,-82,-63,3.271975678
14.443183,-9,-23,-4,-50,-110,-27,24,71,3.271975678
14.464078,-33,-54,-4,48,89,-23,4,-33,3.271975678
14.464090,53,83,3,-15,-104,40,-27,-2,3.271975678
14.464092,4,83,17,5,-69,19,39,53,3.271975678
14.464095,18,-104,-25,-35,-41,12,-88,-17,3.271975678
14.486405,24,78,-9,-27,-25,9,-18,19,3.271975678
14.486440,6,-23,6,1,-33,-17,-4,-4,3.271975678
14.488803,-85,-20,0,20,35,-10,-11,-41,3.271975678
14.488815,12,52,10,-1,18,18,29,13,3.271975678
14.500053,-54,-46,-10,-8,-20,-20,-12,-2,3.271975678
14.500089,-79,-116,-23,-16,-61,-96,-38,-83,3.271975678
14.508156,-28,-22,5,3,88,-59,-4,-17,3.271975678
14.508187,-10,-49,-8,13,59,86,47,-13,3.271975678
14.523274,-42,37,31,15,59,-17,16,25,3.271975678
14.523305,-37,-22,10,74,-36,72,11,-31,3.271975678
14.525889,14,-126,4,10,-106,-39,1,22,3.271975678
14.525939,-57,57,-3,-9,-91,23,-16,-3,3.271975678
14.546195,3,16,-25,-42,64,41,20,-30,3.271975678
14.546213,-40,43,21,-12,-2,-19,-22,-22,3.271975678
14.546821,-18,-90,-37,-5,21,-17,-22,-107,3.271975678
14.546911,-35,11,-7,0,-68,-28,-3,7,3.271975678
14.560378,-34,60,5,-4,-22,10,12,-35,3.271975678
14.560396,64,15,0,-16,-21,-56,3,32,3.271975678
14.561215,46,127,41,7,-52,21,-2,34,3.271975678
14.561245,-114,-128,-63,-32,-65,-26,-11,-29,3.271975678
14.582981,95,76,-9,-7,-36,-56,-47,-25,3.219567356
14.583004,48,95,21,42,118,62,-8,1,3.219567356
14.584272,40,82,8,-6,32,-39,54,64,3.219567356
14.584290,7,-37,9,84,106,-68,39,-6,3.219567356
14.606581,-12,28,6,-19,-76,18,24,27,3.219567356
14.606597,66,-21,-4,17,99,-27,-34,-33,3.219567356
14.606805,-61,-76,-16,-26,-39,-10,16,19,3.219567356
14.606844,-24,-45,-9,-52,-128,-14,-12,-32,3.219567356
14.620121,25,-40,-4,11,55,20,5,111,3.219567356
14.620153,58,127,38,10,-7,-33,-20,-41,3.219567356
14.628150,-75,-84,-26,-7,7,29,0,37,3.219567356
14.628183,33,-81,-18,-7,21,5,-25,-2,3.219567356
14.642910,-51,35,-4,-48,-122,-1,-7,-18,3.219567356
14.642927,7,12,-6,-19,-46,31,26,25,3.219567356
14.644240,-69,76,8,24,74,-23,-26,-51,3.219567356
14.644254,116,24,-6,-10,63,102,17,-59,3.219567356
14.666137,84,65,28,62,27,-8,-9,39,3.219567356
14.666174,-46,-53,-24,-53,-98,22,98,-14,3.219567356
14.668122,35,-1,7,31,-79,19,-76,2,3.219567356
14.668133,-45,28,13,2,35,-83,-4,63,3.219567356
14.680119,-51,-87,-5,11,2,3,-22,9,3.219567356
14.680143,43,-37,-17,-50,-82,-56,-21,-31,3.219567356
14.688313,-64,-47,-14,21,12,79,-5,-34,3.219567356
14.688344,49,-33,4,-11,-55,26,-37,-29,3.219567356
14.703035,-17,25,-10,-29,-61,-27,21,-5,3.219567356
14.703046,-18,-7,0,16,5,-48,-13,42,3.219567356
14.703676,55,0,-4,-16,10,-7,28,41,3.219567356
14.703713,-18,50,13,-6,-21,-9,-23,-41,3.219567356
14.726353,-65,-84,-7,-5,-70,-54,-2,5,3.219567356
14.726372,-65,-34,-6,41,127,77,-6,13,3.219567356
14.728428,34,61,16,31,69,51,66,-60,3.219567356
14.728441,-6,34,3,-41,-100,-15,39,78,3.219567356
14.740140,33,13,14,7,61,54,45,17,3.219567356
14.740177,-12,-119,-23,13,-50,11,-108,-57,3.219567356
14.748040,-15,-53,13,22,1,3,55,-1,3.219567356
14.748058,-28,65,-1,0,104,89,37,5,3.219567356
14.764670,42,32,-8,-7,-56,-61,-98,-62,3.219567356
14.764688,-10,43,3,-14,-6,-42,68,10,3.219567356
14.764693,68,19,4,-11,-47,22,-26,52,3.219567356
14.764699,-67,-22,-5,17,-21,-67,-21,-42,3.219567356
14.786575,-54,-19,-9,-15,30,38,-18,-38,3.219567356
14.786593,58,39,7,0,13,5,-12,29,3.219567356
14.788566,-49,32,-3,-48,-80,-121,-25,4,3.219567356
14.788577,63,-41,17,54,16,2,9,80,3.219567356
14.808669,-57,35,-15,-10,21,24,16,-89,3.219567356
14.808702,13,1,16,-11,78,7,26,35,3.219567356
14.810684,33,-7,-25,7,70,99,23,-36,3.219567356
14.810696,21,-9,-6,10,9,6,-73,-25,3.219567356
14.823225,30,18,4,-81,-114,-83,-15,30,3.219567356
14.823258,-31,-42,5,98,118,108,102,-15,3.219567356
14.825687,82,93,13,-39,-52,29,-23,7,3.219567356
14.825700,-100,-3,-5,18,35,-57,-14,-51,3.219567356
14.846686,127,45,8,-41,-79,106,14,53,3.199070922
14.846712,-26,-21,-20,-26,-44,-82,-76,70,3.199070922
14.848716,23,-5,-8,9,-63,44,32,19,3.199070922
14.848729,51,49,22,-2,-44,6,42,9,3.199070922
14.859868,-6,12,3,28,48,17,-7,-7,3.199070922
14.859893,67,87,0,-70,-47,-75,-13,1,3.199070922
14.868421,-109,-107,-13,24,-77,-65,-38,-82,3.199070922
14.868445,31,28,18,-11,43,24,37,71,3.199070922
14.883344,-45,-8,-21,-38,-7,-93,-27,-61,3.199070922
14.883377,-59,-61,-12,48,-58,93,11,-19,3.199070922
14.885371,49,6,0,-20,-39,-59,-4,-2,3.199070922
14.885381,-14,16,-7,-46,-71,-41,73,3,3.199070922
14.906176,56,37,11,71,113,19,-50,17,3.199070922
14.906217,-93,-95,-3,12,39,30,-5,4,3.199070922
14.906734,0,90,14,25,127,-54,-14,73,3.199070922
14.906769,-76,-88,-28,-3,-98,18,33,-39,3.199070922
14.921763,30,70,-2,4,22,-35,-29,-18,3.199070922
14.921773,94,96,0,-41,-64,-62,8,-9,3.199070922
14.928041,0,3,10,16,8,38,-3,7,3.199070922
14.928062,-8,49,10,-3,-19,-41,-36,-21,3.199070922
14.942994,-11,-63,-16,-5,35,22,38,29,3.199070922
14.943014,-8,18,14,-17,-52,0,8,20,3.199070922
14.944909,-6,-2,-1,-24,-28,-80,-15,-1,3.199070922
14.944925,59,-62,-7,39,97,47,-17,-36,3.199070922
14.968445,-12,-9,7,33,-78,-11,47,-37,3.199070922
14.968456,-37,-26,-9,-30,-2,85,-15,-74,3.199070922
14.968459,11,2,5,41,58,2,63,-13,3.199070922
14.968461,29,-20,-8,-2,12,6,43,68,3.199070922
14.988945,-36,72,16,5,20,39,35,-5,3.199070922
14.988971,-98,-87,-5,6,-36,8,26,-28,3.199070922
14.989613,15,-28,-18,-21,-47,-33,-40,81,3.199070922
14.989691,15,-23,-1,8,8,-20,-11,-8,3.199070922
15.002899,-57,-12,-3,11,-40,2,-15,-62,3.199070922
15.002963,96,94,-4,-54,12,-42,1,29,3.199070922
15.003781,-3,11,9,18,77,18,-7,-49,3.199070922
15.003801,56,16,5,-33,-40,30,7,5,3.199070922
15.026143,-35,-16,9,15,14,-49,-18,38,3.199070922
15.026175,-13,5,7,-14,2,-30,-92,8,3.199070922
15.028275,-1,-27,-8,38,90,103,22,-15,3.199070922
15.028324,19,127,68,9,-16,-52,-6,46,3.199070922
15.048709,41,-128,-87,-36,-33,42,41,-52,3.199070922
15.048727,-11,58,-15,-48,4,95,10,-29,3.199070922
15.049369,53,91,11,17,-66,-38,-30,7,3.199070922
15.049418,55,52,22,9,69,-4,-29,-11,3.199070922
15.062993,-32,-49,-26,19,6,6,-10,75,3.199070922
15.063015,21,72,3,9,-72,-83,2,-51,3.199070922
15.063708,40,65,2,-56,27,-11,-9,-23,3.199070922
15.063788,-64,-75,-19,-12,28,37,7,-39,3.199070922
15.086500,33,17,31,26,64,-3,31,-15,3.199070922
15.086531,-73,-83,-32,-26,-49,-123,-69,-8,3.199070922
15.088840,-12,53,28,41,46,21,11,-13,3.244885954
15.088850,-2,11,-12,-17,-99,-32,-14,9,3.244885954
15.108776,-43,-44,-5,-28,-7,21,-69,-31,3.244885954
15.108789,-22,-14,3,44,35,20,91,16,3.244885954
15.109359,-23,-25,-7,-19,-3,-38,-75,-39,3.244885954
15.109375,-8,-3,-17,-2,4,30,-33,-11,3.244885954
15.124028,-18,48,2,-30,-118,-1,34,11,3.244885954
15.124041,30,-10,0,0,68,34,44,-11,3.244885954
15.124044,57,54,9,-8,-106,-48,-47,50,3.244885954
15.124046,-72,-99,-49,12,35,31,21,-25,3.244885954
15.146080,49,127,48,-18,-70,6,-49,-25,3.244885954
15.146098,-46,-12,2,47,70,20,29,-41,3.244885954
15.147887,1,19,-8,-8,6,-37,-16,-1,3.244885954
15.147901,62,82,4,22,25,76,-31,18,3.244885954
15.168955,-59,-82,-28,-29,-28,-69,44,-59,3.244885954
15.168981,50,80,7,26,74,29,25,21,3.244885954
15.171679,-40,-63,-27,-32,-80,-26,-4,-10,3.244885954
15.171686,109,127,52,2,-33,61,-12,26,3.244885954
15.183196,-81,-109,-31,11,73,-7,17,-17,3.244885954
15.183220,-31,-8,-1,-18,-125,-39,-18,-46,3.244885954
15.185423,4,6,-4,-25,36,36,34,21,3.244885954
15.185435,-26,12,10,52,22,-22,11,-71,3.244885954
15.206549,127,119,58,4,-75,7,6,37,3.244885954
15.206575,-36,-98,-54,-3,-35,39,-82,-31,3.244885954
15.207047,-73,21,0,11,77,-34,70,14,3.244885954
15.207067,-51,-23,-6,27,34,-31,-64,-22,3.244885954
15.228791,85,64,2,30,41,89,19,41,3.244885954
15.231257,3,19,23,12,59,-14,47,78,3.244885954
15.231270,-23,-44,4,-38,-81,-71,-1,-32,3.244885954
15.231272,20,-67,-22,-22,64,-25,-66,-6,3.244885954
15.243091,-15,-109,-17,-11,-14,-22,-54,39,3.244885954
15.243108,47,33,14,-12,-59,-20,-24,11,3.244885954
15.244699,-110,-118,-17,3,-16,24,43,-16,3.244885954
15.244713,-25,9,-1,20,-43,-45,-11,40,3.244885954
15.266047,24,82,5,14,81,-4,11,25,3.244885954
15.266060,-9,37,3,-29,-53,14,26,8,3.244885954
15.266766,81,92,-1,-4,-65,-17,-46,-9,3.244885954
15.266780,6,1,3,-16,-44,48,32,-15,3.244885954
15.289191,-80,-68,-5,-17,-38,-34,-14,0,3.244885954
15.289223,127,71,14,34,71,81,-23,-1,3.244885954
15.291508,-16,66,46,22,-28,-28,102,-34,3.244885954
15.291524,-74,-98,-41,-32,-92,-118,-79,-24,3.244885954
15.303795,2,1,8,67,75,115,90,7,3.244885954
15.303830,-31,11,7,-13,66,45,19,-16,3.244885954
15.306485,-61,-67,-6,-3,30,127,-24,-64,3.244885954
15.306494,90,59,-9,-42,-71,-85,9,30,3.244885954
15.326178,15,14,10,18,88,44,-50,-57,3.244885954
15.326213,23,9,6,28,-4,-8,-3,19,3.244885954
15.328254,-33,-42,0,-2,-19,-34,15,22,3.244885954
15.328280,73,116,6,-15,-9,-3,22,7,3.244885954
15.349401,-116,-88,-12,-3,-4,-53,-26,76,3.229986828
15.349426,22,7,4,-7,-85,-58,-8,-3,3.229986828
15.351747,86,10,-12,18,81,54,-1,54,3.229986828
15.351757,-3,45,22,28,21,31,71,2,3.229986828
15.363041,84,37,35,-30,-73,-95,-52,-8,3.229986828
15.363065,-82,-79,-52,-2,-69,-71,-48,26,3.229986828
15.365707,68,79,-17,-51,5,17,16,23,3.229986828
15.365719,-36,6,-4,28,-42,75,19,-25,3.229986828
15.386318,80,111,13,13,115,55,72,-10,3.229986828
15.386341,-81,-87,14,-15,-73,-97,-82,25,3.229986828
15.388726,23,-51,-16,31,92,-66,23,35,3.229986828
15.388736,-4,-20,-7,-41,-41,42,35,7,3.229986828
15.408939,-14,29,-2,10,62,63,-15,58,3.229986828
15.408972,127,115,19,-17,-100,-39,7,48,3.229986828
15.409665,-57,-59,-22,-20,-69,5,-12,-93,3.229986828
15.411942,-38,-24,1,-11,38,7,5,-31,3.229986828
15.423062,55,59,31,12,-56,-18,6,37,3.229986828
15.423108,-82,-84,-27,13,60,3,38,-12,3.229986828
15.423926,72,41,19,-4,-69,40,-28,107,3.229986828
15.423940,-6,-31,-17,-42,-37,-64,-36,-21,3.229986828
15.446353,86,99,13,46,68,14,6,45,3.229986828
15.448883,62,108,27,3,-52,4,34,12,3.229986828
15.448895,-34,-26,-33,-16,-26,-14,5,-49,3.229986828
15.448941,-28,-34,-4,50,60,8,66,-56,3.229986828
15.468501,17,85,-8,-33,8,-128,-33,3,3.229986828
15.468543,107,96,30,-8,-45,-47,5,-25,3.229986828
15.470117,-19,-53,-15,-11,63,94,3,12,3.229986828
15.470198,-4,69,4,-19,-38,-75,-5,1,3.229986828
15.482320,-24,-48,-23,-23,-74,2,22,-49,3.229986828
15.482360,-24,15,6,6,52,25,-28,-7,3.229986828
15.492738,-38,-7,5,14,-62,-27,-34,4,3.229986828
15.492751,67,-30,-9,3,70,35,-19,-8,3.229986828
15.506097,-28,-63,-8,-38,-50,4,-7,-14,3.229986828
15.506122,-23,17,-8,-30,0,-7,-6,-15,3.229986828
15.508957,-6,-9,17,-5,-72,-35,11,-58,3.229986828
15.508973,11,-59,-11,61,75,84,-51,-2,3.229986828
15.536307,-93,-100,-28,-34,48,75,-35,-21,3.229986828
15.536338,52,-112,-19,60,119,49,96,0,3.229986828
15.538556,-11,71,6,-3,40,67,53,-11,3.229986828
15.538612,20,73,17,-21,18,-57,-20,27,3.229986828
15.542477,11,70,3,-7,-83,49,62,-15,3.229986828
15.542496,-58,-12,-15,-21,-36,-76,-73,-19,3.229986828
15.554134,41,43,19,21,68,110,-9,0,3.229986828
15.554143,-48,-11,16,-22,16,-23,23,-20,3.229986828
15.566506,14,27,-8,12,-28,-23,14,56,3.229986828
15.566531,69,-114,-18,-13,-26,-18,4,-58,3.229986828
15.568248,105,58,5,-9,-74,-73,-7,78,3.229986828
15.568261,-9,8,-7,-45,-23,5,21,116,3.229986828
15.589075,89,89,24,80,105,-86,-17,-117,3.229986828
15.589093,0,-36,-32,-50,-102,4,16,86,3.229986828
15.590981,-68,-128,-27,-17,23,-33,-66,-45,3.229986828
15.590993,-67,42,13,97,127,124,50,-9,3.229986828
15.602413,-7,26,0,-11,-14,-38,-30,10,3.232979271
15.602430,24,27,5,-16,-36,-86,-4,-18,3.232979271
15.612577,13,127,34,58,103,47,20,7,3.232979271
15.612588,-97,-116,-42,-72,-128,-79,-19,-13,3.232979271
15.626150,-28,8,-6,-10,-83,4,9,-9,3.232979271
15.626169,-36,79,20,13,-28,9,5,-6,3.232979271
15.628183,-22,-22,-6,-12,-49,-16,-37,11,3.232979271
15.628195,72,45,22,9,-1,10,16,9,3.232979271
15.649217,21,21,-3,-3,-27,4,-1,16,3.232979271
15.649242,-97,-44,-11,-13,-13,40,16,-19,3.232979271
15.651378,57,8,5,-24,-79,-26,13,69,3.232979271
15.651389,-3,-5,19,68,41,-25,50,74,3.232979271
15.662277,52,-11,-3,0,-20,13,-68,-25,3.232979271
15.662294,15,-61,3,10,-7,13,-22,-15,3.232979271
15.673106,42,62,0,8,-2,-44,-46,-23,3.232979271
15.673114,58,68,1,-10,-89,-100,-16,-34,3.232979271
15.685999,-86,-70,10,32,29,-18,71,37,3.232979271
15.686010,21,127,21,23,31,7,8,5,3.232979271
15.692533,31,-128,-12,-24,-96,99,46,51,3.232979271
15.692585,63,106,-2,-35,56,43,-31,-33,3.232979271
15.708656,-16,-42,-13,-19,33,-61,-25,15,3.232979271
15.708678,-49,-18,3,19,49,44,4,62,3.232979271
15.710587,-39,-6,-1,12,17,-16,41,-5,3.232979271
15.710600,58,59,6,-24,-39,3,2,-85,3.232979271
15.722703,-90,-124,-22,-14,19,34,11,-30,3.232979271
15.722736,-97,62,1,-9,38,-11,-4,-19,3.232979271
15.732642,118,87,-6,8,-67,-44,-9,23,3.232979271
15.732648,-45,-60,-7,-31,-91,-39,-11,14,3.232979271
15.747102,24,-6,-29,-25,-128,-24,-28,-60,3.232979271
15.747113,-10,43,36,70,87,61,101,0,3.232979271
15.747530,-109,24,-3,3,-53,66,-9,-70,3.232979271
15.747542,9,-85,9,-27,-36,-1,40,14,3.232979271
15.768845,50,50,-4,39,43,-97,-41,-18,3.232979271
15.768876,-41,-105,-15,-15,-28,63,1,2,3.232979271
15.770536,111,125,17,30,15,-42,-8,65,3.232979271
15.770546,-54,24,1,-8,53,19,-2,-14,3.232979271
15.782686,-99,-99,-29,-36,16,37,30,-32,3.232979271
15.782709,127,69,7,7,33,-21,-18,66,3.232979271
15.793349,53,93,18,-2,33,-59,-33,-72,3.232979271
15.793360,62,-1,-26,-46,69,0,-21,2,3.232979271
15.813999,47,-31,17,45,40,40,-3,18,3.232979271
15.814031,5,32,4,56,101,-32,-5,-84,3.232979271
15.815021,-57,-76,-26,-49,-66,-2,-51,-69,3.232979271
15.815044,-19,43,10,14,79,112,69,40,3.232979271
15.828588,-2,-45,-2,-60,-125,-45,-45,-13,3.232979271
15.828605,6,-61,2,20,93,55,18,-17,3.232979271
15.830220,1,8,11,-13,-50,-71,-19,27,3.232979271
15.830294,5,22,-3,34,-96,69,-4,-26,3.232979271
15.842266,-65,-68,26,-36,-85,54,51,72,3.232979271
15.842285,-16,4,-25,30,-42,-62,-24,23,3.232979271
15.853412,-96,-127,-25,-8,52,-38,0,-69,3.232979271
15.853428,-22,-30,-10,-5,-96,-14,-7,0,3.232979271
15.866219,28,107,9,-21,44,22,25,62,3.183329047
15.866236,44,79,16,-36,-60,-25,-28,77,3.183329047
15.867917,-46,10,-2,48,38,5,-10,-56,3.183329047
15.867928,66,-42,-5,6,-12,-24,26,-6,3.183329047
15.888509,-54,36,-1,-9,-61,127,-7,4,3.183329047
15.888552,-37,-44,-6,24,48,-92,6,-51,3.183329047
15.889971,28,2,-3,-56,91,-41,-39,39,3.183329047
15.889980,-41,-40,-13,-6,76,78,-80,1,3.183329047
15.911200,56,-8,26,39,1,62,13,19,3.183329047
15.911216,10,-57,-30,-69,-128,-27,-36,-49,3.183329047
15.913177,36,-9,4,24,72,-32,69,28,3.183329047
15.913191,-33,-10,7,-13,35,-116,-78,8,3.183329047
15.926285,-26,8,-8,8,31,-3,63,-93,3.183329047
15.926311,18,59,9,-13,-43,31,-24,103,3.183329047
15.928049,-67,-98,-45,-26,-76,-51,-21,-66,3.183329047
15.928062,102,73,13,-2,-30,26,27,54,3.183329047
15.956508,127,127,23,13,20,-38,11,7,3.183329047
15.956543,61,16,-12,3,27,-4,-74,-68,3.183329047
15.958612,-75,-86,-2,34,-47,55,33,-3,3.183329047
15.958679,-30,53,1,11,-32,-9,-11,19,3.183329047
15.971204,3,56,6,-44,-53,-110,-36,-57,3.183329047
15.971220,1,18,7,15,-4,84,25,-15,3.183329047
15.973010,14,26,9,40,85,127,70,43,3.183329047
15.973020,9,-40,-9,-2,-101,-100,-19,24,3.183329047
15.986273,-14,-60,-10,-29,-9,65,-44,22,3.183329047
15.986297,-38,-20,9,-7,-71,-26,29,23,3.183329047
15.988321,-28,-4,-9,-24,-24,-65,-50,17,3.183329047
15.988331,15,33,32,11,77,49,40,-89,3.183329047
16.008972,39,-105,-52,7,51,69,-16,28,3.183329047
16.009004,-1,-46,-22,-19,-2,-18,11,19,3.183329047
16.011691,117,67,9,-49,16,30,-15,25,3.183329047
16.011704,-70,-15,2,73,-40,-68,6,26,3.183329047
16.031664,-40,-29,6,33,4,-4,12,23,3.183329047
16.031700,28,40,2,3,35,25,2,-11,3.183329047
16.032706,10,-54,-3,-33,-128,-123,4,45,3.183329047
16.032757,-66,-62,-9,-40,-68,22,-10,-25,3.183329047
16.045437,-39,-60,-3,39,80,50,50,7,3.183329047
16.045454,-16,2,-5,-13,-56,-59,-1,-9,3.183329047
16.052554,-14,-14,-6,-25,-53,22,-32,-56,3.183329047
16.052586,34,-3,-6,-28,-1,-49,-12,-21,3.183329047
16.069076,-33,15,-9,-40,-84,-118,-59,-7,3.183329047
16.069101,39,22,21,26,6,67,49,-19,3.183329047
16.071160,12,54,12,-5,-94,31,76,-38,3.183329047
16.071169,-72,44,-21,-22,-25,17,-38,-14,3.183329047
16.091109,127,127,29,-16,-35,3,-28,54,3.183329047
16.091121,10,-85,-48,-41,-2,-70,15,40,3.183329047
16.092771,-6,61,10,36,27,12,-67,59,3.183329047
16.092792,20,21,1,8,32,-2,30,-81,3.183329047
16.106916,-22,113,11,0,3,-20,-35,74,3.183329047
16.106927,-4,-74,18,2,27,34,-2,-38,3.183329047
16.112372,82,-12,3,30,-24,-37,5,-8,3.183329047
16.112399,-3,-85,-24,3,48,54,-18,5,3.183329047
16.128715,74,18,-12,-5,29,75,-3,-59,3.192932810
16.128736,18,67,7,4,40,24,34,15,3.192932810
16.130616,-31,-48,11,12,58,-59,-41,23,3.192932810
16.130629,7,-26,-7,-50,-84,-41,65,16,3.192932810
16.153088,-4,-13,10,86,59,19,3,-6,3.192932810
16.153099,-32,100,10,-16,-21,-6,-13,12,3.192932810
16.153102,16,-12,-14,-16,23,-4,65,-43,3.192932810
16.153104,8,25,15,34,87,-62,-11,122,3.192932810
16.166746,-126,-23,-7,21,42,28,80,-35,3.192932810
16.166759,14,30,-9,-55,-66,-52,-31,-49,3.192932810
16.172592,29,80,8,-5,-37,21,-1,28,3.192932810
16.172624,72,68,2,-17,-46,-14,-35,19,3.192932810
16.189298,4,-54,1,-12,-40,-31,36,-35,3.192932810
16.189319,-30,-95,-26,-1,41,37,-44,-40,3.192932810
16.191511,25,12,4,1,-9,17,36,-17,3.192932810
16.191532,29,46,4,0,-18,-54,-45,19,3.192932810
16.211261,18,-2,-5,-4,-86,4,-37,92,3.192932810
16.211278,-13,29,2,-27,-103,-7,26,-21,3.192932810
16.213243,53,17,14,35,26,23,-11,14,3.192932810
16.213255,-28,-104,-16,-3,49,31,45,-5,3.192932810
16.225549,41,-29,-1,-10,-30,57,-20,-43,3.192932810
16.225575,0,-40,7,66,127,-49,-52,-5,3.192932810
16.232880,-79,115,5,-33,-106,-37,-18,37,3.192932810
16.232914,-38,-21,18,5,-58,13,-8,-37,3.192932810
16.248044,-103,-127,-52,-35,-56,-62,-5,-77,3.192932810
16.248101,-2,28,1,-21,9,49,-36,-4,3.192932810
16.258738,20,39,3,4,62,42,-20,14,3.192932810
16.258751,55,-30,9,7,1,16,-1,5,3.192932810
16.271731,-94,40,-2,-5,15,-32,0,-51,3.192932810
16.271755,52,-26,0,-64,-65,-16,20,31,3.192932810
16.273818,-37,-44,-7,3,3,-62,12,66,3.192932810
16.273832,58,20,8,40,36,57,-41,-26,3.192932810
16.285790,81,63,11,-30,62,47,36,23,3.192932810
16.285852,-49,-57,0,45,-62,-12,37,9,3.192932810
16.292609,-35,-5,-10,-4,7,106,1,34,3.192932810
16.292639,41,27,-3,-8,-104,-73,-8,92,3.192932810
16.309929,114,92,6,-31,-64,-98,-11,11,3.192932810
16.309942,-99,-10,11,52,116,57,45,-12,3.192932810
16.310028,-8,-128,-52,-39,-36,-4,-23,-61,3.192932810
16.310036,-35,44,-10,-1,-29,-6,-4,-25,3.192932810
16.331386,-44,6,1,-18,-65,-15,-22,38,3.192932810
16.331410,32,82,21,4,13,28,0,19,3.192932810
16.332966,10,33,13,6,0,-15,32,-27,3.192932810
16.332975,-54,-88,-18,-23,20,5,-11,46,3.192932810
16.345614,-90,9,9,12,2,-51,11,17,3.192932810
16.345631,56,-45,-7,-21,69,58,-42,1,3.192932810
16.352646,-17,0,4,12,109,72,44,-10,3.192932810
16.352674,-30,20,-5,-12,-20,-93,-43,-20,3.192932810
16.369084,23,-68,8,87,119,120,38,-6,3.192932810
16.369116,-110,-86,-16,43,67,32,-33,-27,3.148695121
16.371539,48,78,5,-26,-69,-44,-76,-14,3.148695121
16.371552,55,70,10,-47,-34,87,101,0,3.148695121
16.391285,-12,9,-27,48,62,-64,-41,-41,3.148695121
16.391302,107,111,2,-19,-92,-53,-20,78,3.148695121
16.392700,20,-87,2,11,-45,-8,8,46,3.148695121
16.392721,35,36,-10,-29,22,24,-7,-47,3.148695121
16.404724,55,26,9,-41,-54,-42,-38,8,3.148695121
16.404735,-70,31,-3,-3,-54,-18,54,-31,3.148695121
16.415368,75,11,4,-7,-34,-17,-1,-2,3.148695121
16.415379,-68,-31,-3,4,-43,-82,-19,-39,3.148695121
16.428696,5,48,0,-32,43,62,3,-3,3.148695121
16.431369,58,-80,-15,25,69,-1,-42,21,3.148695121
16.431382,-65,4,1,4,-7,35,51,-23,3.148695121
16.431385,-1,-44,1,4,58,0,-27,-71,3.148695121
16.451405,31,-43,-2,1,10,-42,8,-21,3.148695121
16.451417,44,118,0,-42,-64,63,-7,-64,3.148695121
16.452462,28,-16,-1,22,55,-33,-8,19,3.148695121
16.452472,31,55,-11,5,-13,24,4,-7,3.148695121
16.465173,-2,10,6,-10,-54,-18,2,-5,3.148695121
16.465184,82,-44,9,5,-17,-48,-7,74,3.148695121
16.475671,6,71,34,1,84,28,13,-7,3.148695121
16.475684,-54,-42,-36,-28,-80,11,-6,9,3.148695121
16.488862,54,-66,-16,-40,-16,-15,32,-67,3.148695121
16.488879,-114,82,-1,16,-75,25,24,-30,3.148695121
16.491201,22,18,8,25,4,-36,82,-37,3.148695121
16.491213,-25,-16,18,-25,42,-25,-47,73,3.148695121
16.511191,28,27,3,-1,-51,-22,90,45,3.148695121
16.511209,-30,-38,-13,-48,-72,-20,-85,-20,3.148695121
16.512602,7,16,-6,-5,-93,30,-39,-36,3.148695121
16.512658,-27,-13,1,8,92,29,-9,-25,3.148695121
16.527007,-36,-7,-10,-3,-15,37,-13,13,3.148695121
16.527020,62,-9,12,8,17,-31,19,-66,3.148695121
16.534497,-60,2,-5,2,-14,-34,-16,10,3.148695121
16.534554,-40,1,-12,1,42,18,4,-72,3.148695121
16.548652,99,78,10,-14,1,10,-35,67,3.148695121
16.548675,-53,-59,12,16,34,25,57,-2,3.148695121
16.550119,-11,-80,1,44,97,-13,-61,55,3.148695121
16.550133,69,102,-6,-11,-102,-40,-13,-79,3.148695121
16.571488,-6,39,17,40,26,-55,34,16,3.148695121
16.571528,3,17,11,-21,-54,-26,62,3,3.148695121
16.573893,-28,-47,-2,45,60,30,-37,8,3.148695121
16.573905,118,82,17,56,-14,-64,58,64,3.148695121
16.585147,-123,-60,-18,-42,2,9,-16,-61,3.148695121
16.587040,127,65,9,14,-61,-24,-17,25,3.148695121
16.595294,39,-24,-17,-44,-10,13,-23,-86,3.148695121
16.595310,7,-10,-1,-6,-2,29,22,33,3.148695121
16.608696,-82,-5,7,4,-44,-18,-30,-13,3.148695121
16.608724,8,-5,-9,-10,53,4,25,28,3.148695121
16.610205,-40,93,2,-46,-41,29,-6,0,3.148695121
16.610224,45,-56,2,56,90,-34,-41,110,3.148695121
16.631446,39,-55,-11,2,-41,43,-26,39,3.130086995
16.631478,-44,16,-18,-89,-99,36,62,-12,3.130086995
16.633906,-53,17,1,62,85,-90,-53,-37,3.130086995
16.633924,-21,12,27,36,-50,35,38,-79,3.130086995
16.644758,-9,-49,-40,6,74,78,-62,-39,3.130086995
16.644776,109,102,19,28,31,-76,25,57,3.130086995
16.655255,-60,-92,-36,-65,-128,-26,-10,6,3.130086995
16.655265,-5,69,-8,-22,-26,11,44,-19,3.130086995
16.668675,65,-13,18,6,-6,-60,8,21,3.130086995
16.668688,-40,62,-3,-7,-7,-19,-64,2,3.130086995
16.670044,127,76,8,-9,50,49,45,-5,3.130086995
16.670059,-66,-35,1,14,-28,11,-4,-50,3.130086995
16.691247,77,123,2,-29,-52,-79,-60,45,3.130086995
16.691272,-80,-64,-51,-25,-22,111,-66,-79,3.130086995
16.693815,-29,84,28,20,-113,-93,127,36,3.130086995
16.693833,-16,-4,5,-6,87,108,-16,4,3.130086995
16.705222,28,67,19,24,74,60,35,10,3.130086995
16.705238,-44,-64,-8,-19,-17,-107,-28,-20,3.130086995
16.714706,17,-52,-13,-32,-56,-19,-5,6,3.130086995
16.714719,-39,-24,3,32,33,75,4,44,3.130086995
16.728804,-34,-25,-3,10,13,-22,-14,-30,3.130086995
16.728821,64,6,12,29,59,-24,11,8,3.130086995
16.730088,-30,-24,-14,-22,-44,16,-20,-8,3.130086995
16.730104,12,-5,19,-23,-47,-35,16,100,3.130086995
16.751219,-51,-4,-15,-13,-15,12,1,15,3.130086995
16.751236,-24,2,4,8,-10,1,-12,5,3.130086995
16.752792,59,11,-10,-31,22,23,3,-38,3.130086995
16.752812,30,6,2,10,71,6,11,-8,3.130086995
16.765322,23,27,2,-67,-76,-78,-50,-1,3.130086995
16.765346,-3,100,42,109,102,87,116,3,3.130086995
16.773656,-118,-85,-24,-20,-35,59,-35,-11,3.130086995
16.775754,85,42,-10,-31,-77,23,-71,-14,3.130086995
16.789455,-10,24,3,-33,19,49,55,-3,3.130086995
16.789479,47,4,11,52,111,-10,17,37,3.130086995
16.791996,0,108,4,-21,-9,-23,-21,-3,3.130086995
16.792011,-35,-67,-19,-11,-69,-69,5,-44,3.130086995
16.811060,-10,55,18,20,35,-5,3,0,3.130086995
16.811079,-120,-111,-39,-62,-120,3,-39,-65,3.130086995
16.812578,127,127,17,42,37,15,-6,59,3.130086995
16.812594,-63,-128,-40,-25,1,-6,-19,-34,3.130086995
16.833873,-49,63,1,1,-60,-44,18,-18,3.130086995
16.833905,16,99,15,-7,4,-18,-25,-1,3.130086995
16.837009,-77,-128,-37,2,96,13,-58,-49,3.130086995
16.837022,-47,120,28,28,-112,-51,5,55,3.130086995
16.848966,42,-23,0,-39,-54,-44,27,81,3.130086995
16.848991,17,-15,-3,61,75,93,17,20,3.130086995
16.850819,-3,-16,2,-54,-75,3,28,48,3.130086995
16.850829,22,2,-3,-4,-22,-72,-58,-55,3.130086995
16.871023,1,-108,-20,-8,97,74,9,-23,3.130086995
16.871066,30,-7,12,34,8,25,50,42,3.130086995
16.872492,0,18,7,12,-18,-30,3,23,3.130086995
16.872499,48,-21,-1,-11,14,5,15,-41,3.130086995
16.893939,36,4,3,6,-46,33,-18,55,3.114304559
16.893959,22,99,10,-59,-62,-33,-39,-54,3.114304559
16.895587,41,-32,3,38,55,24,12,4,3.114304559
16.895600,78,68,-12,-26,20,0,20,-16,3.114304559
16.908644,14,-104,5,0,-11,-39,46,-34,3.114304559
16.908663,-8,-62,-13,12,53,-11,-89,-53,3.114304559
16.910746,41,-8,28,10,26,-8,14,2,3.114304559
16.910760,10,74,-1,-28,-37,23,7,-2,3.114304559
16.932513,42,-44,10,41,111,14,-38,-28,3.114304559
16.932525,14,71,-1,-20,24,-85,70,8,3.114304559
16.932528,-30,-58,-13,-5,15,-46,-69,-41,3.114304559
16.932530,58,77,17,6,42,3,38,22,3.114304559
16.953738,-79,-84,-30,-20,27,50,-13,-110,3.114304559
16.953755,-13,13,-9,-49,-72,1,23,17,3.114304559
16.955194,-9,-48,-8,15,9,92,-15,13,3.114304559
16.955317,-42,-3,5,-5,9,-56,27,0,3.114304559
16.968999,-33,44,6,24,-128,35,-38,-6,3.114304559
16.969031,18,32,-14,-61,-71,-54,-24,0,3.114304559
16.971130,31,31,7,29,79,-2,46,-7,3.114304559
16.971145,-103,-109,-19,8,-17,39,-42,9,3.114304559
16.991802,-60,-55,-16,-36,-52,-44,-71,64,3.114304559
16.991834,-9,42,11,57,57,50,40,-62,3.114304559
16.993895,38,-5,8,14,50,-54,6,-43,3.114304559
16.993908,71,-5,9,8,-23,11,18,9,3.114304559
17.014013,-60,53,1,11,-33,-16,-65,-1,3.114304559
17.014048,-96,-128,-20,-6,-56,82,73,-42,3.114304559
17.015510,84,78,-6,-21,2,-64,18,19,3.114304559
17.015539,-63,-28,-2,2,97,59,2,-13,3.114304559
17.027945,-4,78,22,21,31,11,61,52,3.114304559
17.027963,57,77,18,-2,-46,5,-40,29,3.114304559
17.034870,-13,-62,-37,-60,-108,-31,-36,-22,3.114304559
17.034965,-69,-49,-9,63,123,62,60,66,3.114304559
17.051222,124,-69,-11,-10,-119,-37,18,-49,3.114304559
17.051245,55,25,3,-7,65,-14,-13,39,3.114304559
17.053867,76,-13,-13,-26,-76,27,22,-51,3.114304559
17.053877,39,32,2,-23,-5,-69,-46,2,3.114304559
17.073514,18,58,27,48,-36,43,27,2,3.114304559
17.073526,-42,8,-7,-4,21,-89,-89,-9,3.114304559
17.075363,13,13,9,-52,-93,13,18,-79,3.114304559
17.075446,-6,-4,10,36,-48,-33,14,10,3.114304559
17.089029,15,-40,-7,48,127,-27,40,-29,3.114304559
17.089040,35,-26,-6,-32,-1,43,-71,10,3.114304559
17.094760,-44,40,-4,7,57,-45,-62,23,3.114304559
17.094778,27,-37,-3,6,56,89,-39,2,3.114304559
17.111125,-26,-7,-3,-25,-48,-11,3,84,3.114304559
17.111142,17,-44,-1,-22,46,-9,-11,-45,3.114304559
17.112761,-68,63,12,13,-28,28,29,40,3.114304559
17.112772,-11,101,2,6,11,-17,-2,-70,3.114304559
17.134012,-73,-74,-33,-68,-11,-3,-16,-47,3.114304559
17.134021,-1,-53,7,42,59,-58,19,-15,3.114304559
17.134953,7,98,43,66,22,50,56,71,3.114304559
17.134962,90,32,7,-79,-126,9,-30,-48,3.114304559
17.148959,-15,32,15,96,122,49,42,20,3.096570729
17.148975,-55,62,29,66,64,-18,74,10,3.096570729
17.155217,-106,-105,-24,11,61,98,-22,-4,3.096570729
17.155233,0,30,-15,-49,-95,-46,-13,-23,3.096570729
17.171525,66,64,5,-55,-32,-87,-17,-24,3.096570729
17.171555,-14,-64,-19,16,54,120,48,-3,3.096570729
17.174263,-2,14,6,1,-2,-18,-4,60,3.096570729
17.174275,-68,-24,2,10,21,-14,-21,0,3.096570729
17.201482,68,45,19,52,124,49,38,17,3.096570729
17.201505,12,4,-6,-24,-115,-30,0,-26,3.096570729
17.203897,58,115,42,30,22,-22,4,17,3.096570729
17.203908,-54,-122,-72,-28,19,-35,-46,61,3.096570729
17.208269,70,95,1,-22,-47,-88,4,24,3.096570729
17.208301,-18,80,-3,15,39,42,-37,-9,3.096570729
17.215011,1,23,-8,-20,5,49,6,-32,3.096570729
17.215042,33,-10,9,25,34,-36,-5,12,3.096570729
17.231675,-16,-35,-2,1,-79,4,69,-22,3.096570729
17.231705,-33,-28,-6,-38,-128,-89,-56,37,3.096570729
17.232568,38,31,-16,-26,-65,11,-27,-57,3.096570729
17.232585,-75,-54,16,19,82,-19,33,-4,3.096570729
17.254497,70,93,0,6,-21,-12,-8,0,3.096570729
17.254520,-33,-59,0,-28,87,50,-57,39,3.096570729
17.256981,102,47,8,-50,-97,43,42,36,3.096570729
17.257001,-26,22,-10,24,38,-56,-43,-61,3.096570729
17.268165,67,-64,-5,25,-6,97,-53,96,3.096570729
17.268196,37,24,1,6,44,46,58,4,3.096570729
17.274681,-48,6,-8,-27,-20,-29,-14,7,3.096570729
17.274700,114,16,20,-24,-67,41,17,29,3.096570729
17.290999,-48,60,15,10,96,-54,-12,-61,3.096570729
17.291018,-66,-7,-24,-19,-76,8,0,-3,3.096570729
17.292990,-48,6,-23,31,104,-55,30,-56,3.096570729
17.293009,82,116,8,-46,-106,23,20,18,3.096570729
17.313600,-3,2,-12,10,-19,-62,-22,47,3.096570729
17.313626,85,71,28,61,63,75,-18,44,3.096570729
17.315510,-36,-35,8,4,-71,-85,-11,64,3.096570729
17.315524,-28,50,-3,7,119,62,59,-4,3.096570729
17.328416,-13,-80,-11,-31,-128,-97,-40,-66,3.096570729
17.330380,-50,16,-10,-31,-31,62,3,-40,3.096570729
17.337630,24,-42,-11,15,-37,62,-42,2,3.096570729
17.337640,13,-21,1,8,-34,-20,68,26,3.096570729
17.352443,99,83,20,-33,2,59,-28,45,3.096570729
17.352453,-41,-115,-61,-34,-33,-33,7,-37,3.096570729
17.352500,-58,-7,-18,-5,-46,-93,-34,-58,3.096570729
17.352523,20,36,17,-11,-3,43,-6,-22,3.096570729
17.373895,17,31,-8,-20,4,26,17,18,3.096570729
17.376390,7,-9,15,-2,-56,-25,-31,-36,3.096570729
17.376403,25,-14,10,1,82,-2,-26,56,3.096570729
17.376405,-11,-39,-9,22,90,39,76,74,3.096570729
17.387509,36,62,17,12,-38,26,-25,-49,3.096570729
17.387541,-41,51,15,30,47,28,6,22,3.096570729
17.397278,-41,32,-54,-58,-71,-39,57,-81,3.109121864
17.397289,58,99,22,-33,-65,-50,35,47,3.109121864
17.411215,-67,-128,-35,66,126,33,-82,-77,3.109121864
17.411238,55,6,10,-34,-93,-68,49,51,3.109121864
17.412792,29,9,13,12,2,11,-10,-56,3.109121864
17.412870,-29,-4,4,32,-6,42,-5,8,3.109121864
17.433844,-67,27,6,-22,-44,-5,38,-1,3.109121864
17.433862,38,-35,1,-3,-19,-34,-33,-59,3.109121864
17.435163,-3,-34,17,21,6,-6,1,49,3.109121864
17.435176,20,-11,3,-31,0,89,-35,-27,3.109121864
17.447529,3,-51,-7,13,36,-36,38,-36,3.109121864
17.447544,-70,42,9,40,66,25,-32,10,3.109121864
17.458909,-17,-65,-11,-49,-103,-5,12,-11,3.109121864
17.458921,40,15,15,-23,37,-69,-64,53,3.109121864
17.470701,18,-42,-9,83,118,-20,24,-13,3.109121864
17.470744,35,106,11,-18,-56,-10,54,64,3.109121864
17.478725,27,-82,-11,14,-16,0,-27,30,3.109121864
17.478748,-128,-59,-21,-7,-48,-56,-47,-68,3.109121864
17.493788,27,63,-4,-53,-58,30,2,12,3.109121864
17.493806,127,88,11,-2,-12,-68,7,20,3.109121864
17.495118,-59,105,33,27,21,27,-10,33,3.109121864
17.495136,-17,-128,-46,-23,0,9,-27,-55,3.109121864
17.508591,-38,-66,-11,-24,-60,13,-6,-75,3.109121864
17.508604,30,42,11,18,60,-50,3,-11,3.109121864
17.517470,-11,26,36,31,127,62,29,19,3.109121864
17.517480,27,100,4,39,-8,-17,-26,-20,3.109121864
17.531518,-98,-26,-46,-27,-28,125,-15,-28,3.109121864
17.531541,14,-71,-21,-35,-106,-13,-12,41,3.109121864
17.533745,0,27,6,43,127,-35,32,-24,3.109121864
17.533786,35,59,17,21,-105,-15,18,36,3.109121864
17.554818,-8,-81,-2,-64,-103,21,0,63,3.109121864
17.554836,19,29,9,39,43,-59,-84,1,3.109121864
17.555069,-30,-82,-37,-55,-128,18,-29,-52,3.109121864
17.555084,-42,-75,-7,14,90,7,59,-29,3.109121864
17.567360,57,47,4,-1,8,-20,22,21,3.109121864
17.567377,-12,-26,-3,-23,-20,4,-15,-16,3.109121864
17.577715,38,54,21,18,21,-3,18,-9,3.109121864
17.577727,-6,-62,4,6,20,-14,-24,29,3.109121864
17.591851,-11,81,7,-34,-62,-54,-5,15,3.109121864
17.591869,-55,-71,-27,-48,-63,-36,-37,52,3.109121864
17.594058,88,34,-3,88,57,38,45,16,3.109121864
17.594071,22,-54,0,-5,-52,127,-12,-100,3.109121864
17.613817,34,89,33,26,59,-33,103,67,3.109121864
17.613848,-41,-78,-29,3,-8,34,-8,5,3.109121864
17.615915,-1,101,3,44,62,-91,-109,25,3.109121864
17.615927,-40,48,-7,-27,25,91,3,-30,3.109121864
17.627384,-128,43,4,-1,3,-8,80,-21,3.109121864
17.627408,-24,84,17,-54,-33,-10,31,-65,3.109121864
17.637538,-105,-86,-22,-37,-78,-2,-35,-2,3.109121864
17.637549,87,102,19,42,48,-31,-13,-66,3.109121864
17.651323,62,-62,3,-16,-27,-8,-40,67,3.187078618
17.651347,45,107,27,27,44,42,41,83,3.187078618
17.653571,-78,-79,-28,-61,-70,-17,18,-12,3.187078618
17.653581,-63,8,-5,-16,-7,-68,-3,-38,3.187078618
17.674146,8,-48,7,60,69,55,-45,22,3.187078618
17.674230,6,-77,-8,6,30,3,14,-41,3.187078618
17.676421,99,112,36,25,27,17,58,-35,3.187078618
17.676432,-20,-104,-57,-52,-60,-50,-35,-20,3.187078618
17.687668,87,99,-1,19,66,-85,-27,-45,3.187078618
17.687699,31,27,-5,-15,28,71,87,-2,3.187078618
17.696273,79,66,21,32,100,84,-29,-50,3.187078618
17.696297,117,127,47,21,15,-52,56,86,3.187078618
17.711151,-37,-84,-34,-33,-62,-42,-89,-111,3.187078618
17.711171,75,5,-2,-4,-10,-12,12,-4,3.187078618
17.712575,66,-1,0,-30,-68,5,-59,-2,3.187078618
17.712628,-41,14,10,42,6,20,30,44,3.187078618
17.733699,-86,60,5,-32,-28,3,-19,21,3.187078618
17.733715,68,-104,-18,-13,29,-50,-45,5,3.187078618
17.735571,-88,14,-8,2,-38,-22,9,17,3.187078618
17.735582,1,-60,-4,1,-66,-41,-6,33,3.187078618
17.757459,71,122,12,-29,77,98,2,-28,3.187078618
17.757472,-114,-44,-21,5,-89,69,37,-18,3.187078618
17.757582,27,-40,2,19,126,41,-29,-43,3.187078618
17.757589,9,-47,-4,-1,-37,67,38,52,3.187078618
17.772783,32,74,17,6,37,-63,-55,-54,3.187078618
17.772800,-50,-98,-25,-22,19,90,11,-9,3.187078618
17.772806,22,-106,-17,-29,-49,-13,64,-19,3.187078618
17.772811,-47,-37,-4,41,-44,19,-39,-38,3.187078618
17.793760,9,30,-10,-95,-109,27,32,6,3.187078618
17.793784,52,30,6,90,75,-45,-14,-114,3.187078618
17.795921,24,17,6,-8,6,-8,-31,42,3.187078618
17.795939,23,74,22,-33,-43,-11,20,44,3.187078618
17.816181,18,33,4,56,85,58,21,38,3.187078618
17.816204,46,20,-15,-23,-60,-39,7,-11,3.187078618
17.818647,-32,26,-5,-27,-48,21,61,47,3.187078618
17.818658,36,10,4,-15,-15,-36,-30,-8,3.187078618
17.831508,-33,-35,-3,1,-56,-26,-22,-50,3.187078618
17.831540,3,50,18,12,-5,13,6,10,3.187078618
17.833969,26,27,3,13,39,53,-13,31,3.187078618
17.833980,-58,-100,-9,-16,-7,-86,-42,19,3.187078618
17.853986,11,0,-13,-28,-115,39,41,-11,3.187078618
17.853999,11,-19,4,8,71,19,-11,6,3.187078618
17.855106,14,-37,-8,51,56,-97,-56,-6,3.187078618
17.855125,72,20,5,-1,-41,8,67,22,3.187078618
17.876092,30,-16,14,28,55,23,-15,58,3.187078618
17.876111,-66,24,33,-7,40,56,27,-22,3.187078618
17.878244,94,14,-13,-54,-72,-65,-23,16,3.187078618
17.878257,-28,69,12,16,62,20,5,16,3.187078618
17.891442,7,-73,-10,3,14,16,26,7,3.187078618
17.891474,17,8,-11,-34,-81,13,-36,116,3.187078618
17.893627,-93,6,-5,10,38,-84,9,-23,3.187078618
17.893643,-82,-40,7,14,31,14,0,-25,3.187078618
17.913521,-40,-42,-31,-27,-21,-26,-26,16,3.192842673
17.913536,49,111,16,-18,-64,-11,-38,-11,3.192842673
17.915154,-118,-107,-16,25,-96,55,91,-22,3.192842673
17.915326,94,27,-22,-14,108,56,-25,45,3.192842673
17.936116,-27,34,27,22,-56,-94,-24,19,3.192842673
17.936133,57,23,0,45,60,41,63,1,3.192842673
17.938228,58,126,30,-21,127,123,-30,48,3.192842673
17.938237,-72,-96,-38,15,35,54,-7,-85,3.192842673
17.950666,112,17,-13,-21,-83,-58,30,21,3.192842673
17.950683,-52,13,-4,19,74,54,-40,20,3.192842673
17.957609,15,58,14,-9,-57,17,87,29,3.192842673
17.957897,27,35,15,22,35,-19,-48,20,3.192842673
17.975581,29,21,3,-7,1,40,-4,-34,3.192842673
17.975597,-47,-81,-13,-47,-106,-111,-56,-50,3.192842673
17.975601,-45,-33,-3,15,33,1,-14,-55,3.192842673
17.975603,16,34,3,-31,46,68,-3,-12,3.192842673
17.996122,-78,-10,14,64,92,-10,40,-60,3.192842673
17.996148,-41,-14,-15,-24,-4,34,-56,34,3.192842673
17.997856,18,-76,-35,-68,-94,8,0,-25,3.192842673
17.997875,11,54,-2,71,69,48,53,-13,3.192842673
18.010617,22,34,15,-13,61,-33,-14,21,3.192842673
18.010636,111,49,35,94,123,15,53,36,3.192842673
18.017377,-84,52,6,-24,-86,-93,47,-7,3.192842673
18.017413,101,-56,-31,-25,50,-91,-102,-78,3.192842673
18.033932,18,-27,-7,1,-18,87,19,60,3.192842673
18.033975,-54,28,0,-19,-61,-75,84,-3,3.192842673
18.036701,70,89,3,-2,-25,16,-45,45,3.192842673
18.036745,32,-90,10,-12,-55,-15,27,2,3.192842673
18.056204,-35,-14,0,13,7,3,-9,-76,3.192842673
18.056215,51,-2,-3,-20,-22,-40,-40,59,3.192842673
18.057834,-40,-37,-9,-13,-97,5,-13,-17,3.192842673
18.057852,-90,-43,-18,4,50,34,-34,-17,3.192842673
18.070547,12,-24,-8,9,-26,-25,-15,-43,3.192842673
18.070590,-7,-5,-3,-35,52,105,29,-43,3.192842673
18.077436,17,35,27,40,23,55,-58,22,3.192842673
18.077454,60,28,2,-30,60,96,76,35,3.192842673
18.094076,-64,65,17,58,36,-14,-23,4,3.192842673
18.094095,51,-79,-10,-27,-89,-107,2,47,3.192842673
18.099823,3,21,7,12,-31,8,-21,-5,3.192842673
18.099846,-97,73,-6,-37,-80,-3,-2,21,3.192842673
18.116674,-10,-7,-1,-25,2,43,19,62,3.192842673
18.116686,22,101,12,14,0,-17,-26,82,3.192842673
18.117614,44,-42,3,-1,61,-24,-14,-13,3.192842673
18.117624,-10,24,6,7,-53,-27,9,7,3.192842673
18.131364,21,-3,-6,-18,-36,-1,12,23,3.192842673
18.131376,-62,-42,-1,14,10,-13,-21,-67,3.192842673
18.137300,55,42,-3,-21,-11,31,81,3,3.192842673
18.137317,-101,-45,-9,-14,43,-107,-47,-41,3.192842673
18.153993,-33,-62,-24,96,73,-26,-75,-67,3.192842673
18.154024,-20,19,-32,-76,-45,92,-15,-51,3.192842673
18.156237,12,19,12,66,127,-49,81,27,3.192842673
18.156248,-36,22,4,-19,-24,78,9,-19,3.192842673
18.176607,-57,-36,6,-8,21,117,20,-15,3.142525463
18.176627,93,-46,-2,-7,-15,-57,-60,-5,3.142525463
18.182757,-17,4,-6,1,-18,48,-7,42,3.142525463
18.182787,10,-35,-6,-11,-109,-36,-46,-29,3.142525463
18.190671,-25,-10,-8,-37,-38,-10,9,87,3.142525463
18.190694,-35,38,11,20,-39,-24,35,-81,3.142525463
18.197441,15,-34,4,-9,22,12,-27,44,3.142525463
18.197504,53,127,35,19,-20,-29,44,58,3.142525463
18.213782,5,-28,-14,-42,25,-8,15,-25,3.142525463
18.213841,-10,-74,-15,7,-27,-76,-18,-28,3.142525463
18.215042,18,-95,-20,-43,-43,-73,-95,-10,3.142525463
18.215057,56,32,-12,36,46,58,34,-20,3.142525463
18.236634,-9,-8,17,37,65,-82,53,24,3.142525463
18.236665,76,26,3,21,-98,-13,-26,37,3.142525463
18.238938,-58,-40,-4,-10,36,-55,-1,-63,3.142525463
18.238950,92,44,-10,-5,51,11,-23,-6,3.142525463
18.250659,-15,-75,4,-8,-15,36,-5,67,3.142525463
18.250683,-34,-39,-31,-21,18,-11,22,-38,3.142525463
18.257715,-22,84,-6,-25,-124,-26,-23,-39,3.142525463
18.257746,63,-62,2,2,-20,22,33,9,3.142525463
18.273678,28,56,11,-14,-20,6,1,-5,3.142525463
18.273697,21,44,40,30,51,-2,25,-11,3.142525463
18.275266,46,-81,-47,-47,-32,-5,-32,-50,3.142525463
18.275286,-51,45,6,34,22,26,-9,-14,3.142525463
18.296329,16,-7,-17,-24,-6,-105,27,-41,3.142525463
18.297935,33,90,27,-3,-24,35,-29,40,3.142525463
18.297951,3,-45,-10,21,98,100,20,90,3.142525463
18.297954,27,-3,13,25,28,-56,34,38,3.142525463
18.309905,89,-46,-30,-97,-123,83,62,-45,3.142525463
18.309924,-94,31,9,55,36,-102,-69,-32,3.142525463
18.319324,18,116,5,8,30,78,63,-39,3.142525463
18.319333,27,-20,-9,-57,-128,-8,2,25,3.142525463
18.334207,-49,10,10,42,44,-9,-31,10,3.142525463
18.334218,-8,72,1,-25,-107,-5,-1,-79,3.142525463
18.335031,69,57,13,-3,13,64,33,56,3.142525463
18.335067,-65,-88,-16,6,-5,-35,-20,-35,3.142525463
18.356393,-11,76,7,-19,-51,-56,-53,-76,3.142525463
18.356417,-13,20,-3,-22,24,59,45,35,3.142525463
18.359531,-50,-97,-12,16,42,-64,-40,-71,3.142525463
18.359543,6,66,18,1,-64,-34,6,52,3.142525463
18.370271,23,75,8,12,7,66,5,4,3.142525463
18.370295,-100,-107,-11,-16,-27,-38,-2,-13,3.142525463
18.378638,109,63,15,32,7,-35,15,-14,3.142525463
18.378656,-47,-128,-44,-28,77,43,-55,-30,3.142525463
18.394831,18,68,19,71,91,39,-16,-2,3.142525463
18.394843,24,71,20,-23,-44,53,21,74,3.142525463
18.395135,-89,-83,-17,-7,7,7,29,-3,3.142525463
18.395208,-41,35,-3,-25,-65,-45,-28,27,3.142525463
18.416421,64,-53,7,-5,-47,-26,11,44,3.142525463
18.416451,108,41,9,20,83,62,31,65,3.142525463
18.418592,21,71,24,5,11,-4,-6,97,3.237359777
18.418605,28,6,3,17,9,12,16,-39,3.237359777
18.429733,-120,-119,-69,-54,-49,-71,-25,-74,3.237359777
18.429750,30,59,-1,9,38,31,-5,-14,3.237359777
18.440247,-48,65,18,-43,-128,-66,5,-43,3.237359777
18.440259,48,-58,-34,6,-2,54,-42,-61,3.237359777
18.454275,-40,-35,-6,-4,-22,-34,-16,-5,3.237359777
18.454318,-7,-54,-28,-90,-86,-35,-42,-52,3.237359777
18.456929,17,38,14,97,113,99,41,68,3.237359777
18.456987,127,127,76,81,98,104,103,42,3.237359777
18.476110,-91,-46,-15,-43,-76,-45,-50,-47,3.237359777
18.476166,44,8,-19,0,53,-9,12,27,3.237359777
18.477560,76,33,-7,-52,-78,-15,-4,-12,3.237359777
18.477574,-9,72,10,-15,-60,-40,-36,9,3.237359777
18.489605,57,61,6,13,-1,5,13,14,3.237359777
18.489633,-13,93,25,28,34,6,34,41,3.237359777
18.504972,-29,-68,1,0,3,-17,-55,-22,3.237359777
18.505002,-107,-43,-8,-13,-28,-40,-12,-2,3.237359777
18.513965,22,106,-4,-41,-33,-64,-25,-45,3.237359777
18.513997,-63,-62,-1,-32,-74,56,29,-35,3.237359777
18.516285,87,67,27,114,97,11,78,-17,3.237359777
18.516297,-124,-98,-63,-118,-125,15,-21,3,3.237359777
18.535982,-33,-71,9,92,127,39,44,-6,3.237359777
18.536025,-1,-109,-35,10,-68,29,-61,-7,3.237359777
18.537424,-64,58,1,-14,-71,12,18,-1,3.237359777
18.537463,36,100,33,-17,-29,-26,3,-9,3.237359777
18.549801,127,127,11,-25,-27,-31,12,21,3.237359777
18.549812,-98,-90,-26,-2,35,-18,-18,-23,3.237359777
18.560239,40,-93,-18,-36,-2,-5,-41,4,3.237359777
18.560251,-35,-47,2,17,43,-48,-2,-51,3.237359777
18.574196,-19,-4,10,-31,-48,47,25,49,3.237359777
18.574241,35,-43,13,72,11,-51,-32,-30,3.237359777
18.576650,-40,-23,-12,-46,-66,-26,-36,-68,3.237359777
18.576667,78,90,5,-22,4,-3,6,-38,3.237359777
18.597611,35,65,30,31,41,98,-30,59,3.237359777
18.597623,-16,92,2,41,104,-84,8,-57,3.237359777
18.597626,44,-14,-19,65,83,74,57,34,3.237359777
18.597676,65,23,3,-22,-121,-24,-57,11,3.237359777
18.609826,50,11,11,14,77,31,51,1,3.237359777
18.609845,-33,-1,-7,-36,-38,27,-34,-22,3.237359777
18.619896,23,64,1,-29,26,76,-18,-69,3.237359777
18.619906,-36,79,0,7,-20,-59,57,96,3.237359777
18.633653,22,1,5,0,-65,11,32,43,3.237359777
18.633710,37,-76,0,0,65,-38,-34,6,3.237359777
18.635132,-128,-49,-12,-16,-64,-36,-32,-45,3.237359777
18.635150,-8,-28,4,-1,67,34,63,26,3.237359777
18.656593,32,-75,-12,-18,-22,20,-63,-27,3.237359777
18.656625,38,28,-5,23,36,-19,22,11,3.237359777
18.658979,35,4,15,-76,-128,-65,11,-8,3.237359777
18.658997,-90,-128,-7,66,66,84,-27,-22,3.237359777
18.670156,52,71,4,27,-56,-13,2,-83,3.237359777
18.670188,-46,62,8,1,88,122,-36,-46,3.237359777
18.678612,64,65,13,-3,27,-126,67,24,3.289826680
18.680571,3,-38,7,48,99,100,-14,-12,3.289826680
18.693673,43,45,-9,-31,-35,79,-3,-32,3.289826680
18.693695,-11,27,2,-61,-128,-50,76,3,3.289826680
18.696071,22,52,13,67,127,31,-17,90,3.289826680
18.696082,50,37,-4,-5,-14,-71,15,-42,3.289826680
18.716252,-105,-94,-11,-14,-34,-77,-31,-5,3.289826680
18.716268,15,26,6,-7,-28,1,26,23,3.289826680
18.718662,-29,-40,-9,-28,-50,-8,-17,-2,3.289826680
18.718678,127,-1,9,-15,-36,-69,-22,18,3.289826680
18.739338,-21,-105,-18,27,120,-23,-30,5,3.289826680
18.739349,44,-30,-21,-69,-128,81,-26,-44,3.289826680
18.741045,-57,65,-7,10,101,23,25,-39,3.289826680
18.741062,2,-33,1,6,-33,-5,-12,-7,3.289826680
18.753540,-33,22,0,26,14,-35,-55,42,3.289826680
18.753560,30,48,8,48,110,-46,20,-10,3.289826680
18.755129,-78,-128,-29,-38,-66,-61,-36,-53,3.289826680
18.755149,-37,-43,-24,-40,52,69,-67,-33,3.289826680
18.776239,20,70,15,2,-41,-15,98,5,3.289826680
18.776266,41,-17,3,2,-72,15,25,31,3.289826680
18.777993,-73,111,10,5,18,-16,-55,-10,3.289826680
18.778012,76,16,-2,-46,-72,-37,8,37,3.289826680
18.798858,-92,-68,1,9,-60,-25,-9,-6,3.289826680
18.798867,-40,-36,-26,3,77,57,1,28,3.289826680
18.800046,-8,-63,-4,-36,-106,33,-45,-6,3.289826680
18.800063,22,6,7,6,38,7,-8,16,3.289826680
18.815003,18,3,15,91,123,127,-3,-14,3.289826680
18.815033,75,-26,17,4,-96,-37,4,14,3.289826680
18.815477,-45,-121,-45,-35,-43,-53,-50,43,3.289826680
18.815506,10,55,-8,17,3,47,46,1,3.289826680
18.836376,10,85,7,-22,-99,-120,-36,57,3.289826680
18.836404,35,105,34,34,72,75,82,1,3.289826680
18.837998,-60,-81,-30,-26,-109,44,-16,31,3.289826680
18.838010,95,16,2,-9,10,-17,-30,-7,3.289826680
18.858516,-57,-40,-6,-48,28,38,-38,-8,3.289826680
18.858541,41,41,13,11,-4,-71,-19,-56,3.289826680
18.860363,-36,-47,1,33,10,5,-21,-13,3.289826680
18.860378,-92,25,-18,11,20,-40,74,-62,3.289826680
18.873275,33,56,-4,-39,-15,-3,0,-5,3.289826680
18.873307,-1,-9,0,-29,-45,-55,-23,15,3.289826680
18.880030,82,82,46,19,91,1,-6,60,3.289826680
18.880055,-123,-117,-44,-2,-8,55,-11,-58,3.289826680
18.896227,-28,-50,-9,-16,56,63,31,-46,3.289826680
18.896290,-7,-2,-9,14,-18,-2,73,45,3.289826680
18.897748,50,-5,21,11,-66,109,-6,94,3.289826680
18.897848,-56,80,1,-16,-11,-77,-23,-5,3.289826680
18.919106,-55,54,-8,-18,27,25,18,-69,3.289826680
18.919137,-121,-128,-39,-10,81,53,23,29,3.289826680
18.921633,24,100,2,-43,-26,-30,19,-76,3.289826680
18.921644,39,22,14,14,-40,-65,-74,-6,3.289826680
18.933032,49,9,1,-3,-40,51,25,35,3.288506222
18.933051,65,74,35,11,-8,-31,-38,-24,3.288506222
18.939681,-53,-64,-45,15,57,-13,13,50,3.288506222
18.939697,-78,-63,-9,-23,-21,-10,-13,17,3.288506222
18.955953,9,-17,-17,-44,-19,-53,38,-33,3.288506222
18.955965,50,87,16,55,98,22,-9,67,3.288506222
18.957565,85,33,13,-21,-66,-91,-21,-30,3.288506222
18.957663,-37,67,3,-35,27,103,12,-14,3.288506222
18.978713,-45,-13,16,98,84,54,-17,24,3.288506222
18.978736,27,-33,11,5,77,-36,-59,-34,3.288506222
18.980561,33,-6,0,-7,127,109,70,-2,3.288506222
18.980577,-34,6,4,-29,-123,-86,-13,-39,3.288506222
18.992944,5,-48,-4,-37,-98,-24,4,-35,3.288506222
18.992964,-117,32,-9,-18,-56,-57,-51,17,3.288506222
18.999862,-11,41,3,24,-81,-33,-29,-88,3.288506222
18.999879,127,71,31,28,54,41,6,40,3.288506222
19.017306,-33,-86,-19,-8,20,-14,19,50,3.288506222
19.017318,42,-4,7,6,-17,-8,0,77,3.288506222
19.017531,127,113,28,-29,-70,-8,-25,-21,3.288506222
19.017546,-84,-128,-8,75,72,90,127,-3,3.288506222
19.038842,2,-20,-25,-32,-112,-93,-102,-84,3.288506222
19.038875,-16,6,-16,-10,91,73,29,-19,3.288506222
19.040823,-1,78,14,-3,0,86,53,-11,3.288506222
19.040865,34,58,10,18,-20,-77,-8,16,3.288506222
19.052636,24,-11,-2,-25,20,6,2,32,3.288506222
19.052661,37,-7,-2,-19,-128,-72,-17,-44,3.288506222
19.062368,-127,-128,-37,9,117,65,-18,-48,3.288506222
19.062379,89,127,-7,-40,-107,-36,-22,0,3.288506222
19.076295,52,127,12,11,-4,60,19,12,3.288506222
19.076317,81,102,75,20,95,10,-15,52,3.288506222
19.078090,-92,-39,-70,4,-59,-18,32,-1,3.288506222
19.078102,39,20,-17,-9,-16,9,-6,-11,3.288506222
19.099207,89,102,44,22,49,-7,-53,83,3.288506222
19.099230,-66,-84,-76,-51,-77,60,19,22,3.288506222
19.100182,101,101,37,33,2,-44,-7,11,3.288506222
19.100203,-67,-20,-9,-17,15,-4,3,5,3.288506222
19.112908,33,48,23,-8,16,-73,21,28,3.288506222
19.112931,-59,-34,-5,2,-78,82,22,-104,3.288506222
19.120129,-21,-50,7,43,73,-9,-77,2,3.288506222
19.120161,-72,-111,-34,-42,79,92,-12,-14,3.288506222
19.136285,15,38,17,42,-25,86,40,-9,3.288506222
19.136316,-18,-92,-10,23,-22,3,1,-47,3.288506222
19.142308,-66,-32,-8,-13,96,-79,15,-12,3.288506222
19.142330,69,24,40,27,65,99,75,84,3.288506222
19.159076,-4,-26,13,-5,-17,-58,-44,3,3.288506222
19.159089,70,88,-35,-49,-76,-53,2,-1,3.288506222
19.160112,-7,-59,-17,-21,-108,-43,12,-32,3.288506222
19.160131,13,71,8,19,-13,-51,-16,97,3.288506222
19.173930,-19,73,0,-22,-6,12,39,-3,3.288506222
19.173943,-5,51,-14,-5,1,-15,-11,-29,3.288506222
19.179858,0,61,31,16,24,6,3,2,3.288506222
19.181325,31,-47,9,-13,-53,-33,-9,-22,3.288506222
19.196259,-5,-80,-48,-21,-43,8,-21,-48,3.209422793
19.196286,55,74,41,50,106,-11,6,28,3.209422793
19.198092,24,-18,-4,-44,-71,73,1,7,3.209422793
19.198105,-128,-121,-41,10,-5,-25,11,-77,3.209422793
19.220978,21,89,20,-13,-17,42,45,52,3.209422793
19.220988,-43,-128,-30,20,-11,33,18,-31,3.209422793
19.220991,26,62,1,-55,103,127,27,26,3.209422793
19.220993,67,127,32,52,-66,-126,-42,-76,3.209422793
19.232992,-106,15,17,34,-67,-63,-38,-53,3.209422793
19.233008,-101,22,-48,-100,64,22,10,-85,3.209422793
19.243439,57,92,7,76,-89,-108,-66,4,3.209422793
19.243454,45,42,9,-27,18,17,-2,-86,3.209422793
19.256493,24,47,3,14,26,13,16,-1,3.209422793
19.256518,22,-18,17,8,-28,-66,-22,19,3.209422793
19.259773,34,2,43,1,1,20,33,-48,3.209422793
19.259787,-7,-123,-54,-10,34,9,5,-19,3.209422793
19.278669,76,50,-16,4,-4,9,-4,34,3.209422793
19.278686,-12,25,-6,-21,-28,-10,-47,54,3.209422793
19.280653,24,55,12,-34,-59,-3,68,43,3.209422793
19.280665,-34,-22,35,72,-10,-52,-22,34,3.209422793
19.292440,-5,28,3,34,63,94,17,-28,3.209422793
19.292465,-76,-52,-33,-38,-59,-70,-32,-62,3.209422793
19.303262,-20,19,-14,73,23,-54,-25,6,3.209422793
19.303271,31,37,10,-23,67,99,7,-24,3.209422793
19.316222,77,55,2,-43,-41,-5,-3,28,3.209422793
19.316239,-53,-59,11,12,-28,-67,18,8,3.209422793
19.317497,40,-19,-14,-8,-15,-63,37,65,3.209422793
19.317512,-2,-12,-6,-25,-53,-20,-14,20,3.209422793
19.339045,92,15,16,14,54,-15,-28,1,3.209422793
19.339069,-20,-7,-18,-11,-29,27,8,-27,3.209422793
19.341584,20,60,-5,-31,-26,-1,2,-40,3.209422793
19.341599,16,56,8,5,5,-12,-12,-30,3.209422793
19.352562,-4,-30,13,17,10,15,55,71,3.209422793
19.352594,64,53,21,21,13,3,-43,95,3.209422793
19.362706,-1,-104,-14,-26,-94,-56,-10,17,3.209422793
19.362718,-49,68,3,9,27,96,-53,16,3.209422793
19.376344,2,-2,-16,-19,-128,-105,52,-121,3.209422793
19.376356,-24,-78,-14,0,-34,113,-18,-16,3.209422793
19.377572,29,-64,-16,8,-16,-75,-58,-56,3.209422793
19.377589,21,121,50,-29,-62,63,37,68,3.209422793
19.398879,-128,-128,-78,-37,38,73,-37,-92,3.209422793
19.398908,11,121,2,-1,-68,45,67,-39,3.209422793
19.400581,48,113,40,59,96,80,-54,-40,3.209422793
19.400598,47,27,-6,-40,41,-41,35,14,3.209422793
19.412476,-20,28,6,68,127,47,11,33,3.209422793
19.412507,69,76,29,-18,-6,-72,26,51,3.209422793
19.423420,-72,-60,-28,22,32,32,-34,-79,3.209422793
19.423443,-37,-96,-6,-7,-46,-58,-5,58,3.209422793
19.437945,29,11,1,11,13,-6,-5,75,3.209422793
19.437956,-85,-58,3,-1,25,4,10,-2,3.209422793
19.437959,62,-33,6,-18,14,40,52,11,3.209422793
19.437961,99,61,23,19,-42,-18,-25,6,3.209422793
19.458569,-40,19,-7,-70,-45,-98,-11,-35,3.173166459
19.458589,-38,72,-21,20,-58,-92,-10,35,3.173166459
19.460921,4,79,5,4,55,84,-23,13,3.173166459
19.461010,51,13,-17,-43,-50,-35,91,-69,3.173166459
19.472767,52,39,25,27,-33,-41,-38,-3,3.173166459
19.472792,92,-37,6,43,127,94,-48,-47,3.173166459
19.484120,-47,-47,-7,78,88,13,9,51,3.173166459
19.484135,-71,13,4,-20,-123,-61,-9,8,3.173166459
19.496312,-105,-47,-20,-26,71,58,59,-62,3.173166459
19.496335,33,3,2,13,91,-29,-50,21,3.173166459
19.498527,-50,-20,-20,-53,-52,-14,20,-72,3.173166459
19.498539,-10,-53,-18,10,-24,5,-11,41,3.173166459
19.519127,-51,-11,0,-19,-77,-36,-7,-2,3.173166459
19.519157,41,19,12,6,-35,3,26,-56,3.173166459
19.521880,16,112,18,-28,-42,-39,10,32,3.173166459
19.521888,-39,71,20,26,56,-1,-36,20,3.173166459
19.541758,-93,-110,-59,-24,2,-1,-27,-38,3.173166459
19.541802,81,83,25,-42,7,-36,59,-21,3.173166459
19.544158,55,99,-12,1,-66,28,9,-54,3.173166459
19.544222,-22,46,-10,19,87,-8,17,-6,3.173166459
19.556190,70,26,22,23,98,114,44,56,3.173166459
19.556208,-11,35,3,-39,-76,-36,-19,10,3.173166459
19.558355,-128,-128,-23,-25,-64,-76,39,-47,3.173166459
19.558367,111,-17,-19,-4,-68,56,15,-11,3.173166459
19.578655,46,126,56,-15,-91,-76,-37,22,3.173166459
19.578672,-111,-117,-78,14,58,63,69,-33,3.173166459
19.580118,127,82,5,-32,-37,6,-22,42,3.173166459
19.580132,-72,19,-11,2,8,-2,-32,-33,3.173166459
19.593785,66,66,-5,-24,-48,-31,27,-25,3.173166459
19.593797,-4,66,41,17,-60,24,-15,42,3.173166459
19.601368,-114,-121,-16,2,52,-3,-7,16,3.173166459
19.601379,-33,-30,-20,-12,-57,-23,11,-19,3.173166459
19.616060,3,16,-6,37,22,11,13,29,3.173166459
19.616077,16,37,7,7,-2,76,-2,32,3.173166459
19.617695,3,-56,11,-16,-25,-80,11,105,3.173166459
19.617709,-42,-112,-4,19,-18,60,84,-1,3.173166459
19.638941,45,-24,1,-40,-101,-93,-34,-10,3.173166459
19.638972,58,54,12,54,6,74,-21,10,3.173166459
19.641742,23,88,36,47,83,-58,-69,-5,3.173166459
19.641755,-34,-70,-20,-29,-82,4,-12,-8,3.173166459
19.661176,58,26,-16,-50,-25,-75,-38,13,3.173166459
19.661193,-13,-10,25,74,24,2,47,-5,3.173166459
19.662612,-81,67,0,-32,-25,5,15,-95,3.173166459
19.662636,75,103,15,37,49,-18,-51,6,3.173166459
19.676282,32,24,10,9,33,34,-2,-30,3.173166459
19.676300,26,-26,20,-9,-26,-37,-7,23,3.173166459
19.677536,55,64,-13,1,-14,-16,31,-48,3.173166459
19.677632,-110,-128,-30,-25,9,25,-27,-44,3.173166459
19.699234,41,38,-4,6,-79,51,6,1,3.207588571
19.699257,46,50,0,5,32,-6,-24,-7,3.207588571
19.702078,65,107,48,6,-26,30,91,51,3.207588571
19.702089,-73,-70,-53,-18,-14,-58,-109,-81,3.207588571
19.721391,34,89,16,15,45,127,92,18,3.207588571
19.721439,-29,43,-11,-7,-45,27,9,-89,3.207588571
19.722574,127,72,23,4,-62,-39,-16,79,3.207588571
19.722632,-40,-20,-13,-24,-36,-39,-26,-28,3.207588571
19.736170,10,-128,-34,-11,-1,103,-19,-1,3.207588571
19.736185,-86,-66,-6,-30,84,-28,-10,-64,3.207588571
19.737588,14,2,-8,7,-4,87,-3,30,3.207588571
19.737605,28,88,35,27,48,-32,16,-29,3.207588571
19.758784,42,24,-11,8,-49,-79,-79,-21,3.207588571
19.758809,-5,-14,-10,-44,-85,-11,20,67,3.207588571
19.760793,-101,-71,-20,-6,16,28,-7,-6,3.207588571
19.760806,34,6,18,19,-25,-32,4,34,3.207588571
19.783570,58,106,14,-13,-47,-41,3,-13,3.207588571
19.783582,-47,79,41,42,36,-10,-6,1,3.207588571
19.783585,-84,-6,-60,-55,-65,-31,26,-72,3.207588571
19.783588,82,127,17,-35,80,127,-14,48,3.207588571
19.796129,12,36,12,105,-32,-11,107,2,3.207588571
19.796153,66,4,17,37,60,-96,-53,97,3.207588571
19.797785,107,55,48,17,25,96,19,62,3.207588571
19.797801,40,-75,-73,-67,-61,-87,-5,-84,3.207588571
19.818639,46,71,7,-19,1,39,-71,94,3.207588571
19.818657,-27,15,-13,0,-44,29,14,-2,3.207588571
19.820596,32,-1,13,27,-14,-22,-17,-51,3.207588571
19.820613,24,69,28,23,20,-42,29,67,3.207588571
19.841116,-81,-128,-4,-9,46,-52,-15,-1,3.207588571
19.841141,68,-104,-45,-35,-59,-26,-20,-78,3.207588571
19.843462,-80,-2,-16,-17,77,-19,-29,-26,3.207588571
19.843474,53,68,33,21,-49,64,45,47,3.207588571
19.855966,-119,-41,-26,-7,105,-8,26,-36,3.207588571
19.855989,-31,-3,9,16,-44,-21,-74,-1,3.207588571
19.862562,16,-22,-10,-30,-55,56,89,59,3.207588571
19.862593,4,45,-2,40,116,17,-58,52,3.207588571
19.878621,54,86,7,-30,-112,-79,8,-16,3.207588571
19.878639,-52,-40,-7,1,53,33,-30,-39,3.207588571
19.880267,55,25,7,1,36,14,1,20,3.207588571
19.880346,22,67,-7,-24,-49,-71,10,4,3.207588571
19.901675,-33,23,5,28,-1,28,-14,26,3.207588571
19.901711,23,41,-3,-21,14,-65,44,-26,3.207588571
19.904120,-12,-33,1,29,9,0,-73,-42,3.207588571
19.904136,16,-14,10,7,0,53,42,28,3.207588571
19.915562,48,96,57,11,3,-32,-65,27,3.207588571
19.915579,22,-58,-65,-36,-48,51,52,-35,3.207588571
19.922302,53,76,-10,-9,-19,-43,-25,3,3.207588571
19.922325,59,6,5,31,66,68,57,-28,3.207588571
19.938455,3,55,8,-20,31,108,-45,35,3.207588571
19.938469,-4,-53,-25,-38,18,-88,-44,-3,3.207588571
19.939979,-24,-25,-2,-33,-78,0,57,-25,3.207588571
19.939988,45,17,18,88,88,5,-3,69,3.207588571
19.961312,-98,52,30,50,47,61,52,-13,3.178290569
19.961329,123,-18,-12,-19,-105,55,26,42,3.178290569
19.962922,-21,-26,-14,-14,-24,42,-19,-6,3.178290569
19.963008,-85,-22,7,-31,-83,-77,-39,-88,3.178290569
19.975556,11,-89,-12,-18,-25,18,36,17,3.178290569
19.975574,5,48,9,3,30,69,-12,-16,3.178290569
19.982577,-23,-35,-8,12,2,-42,2,104,3.178290569
19.982685,34,49,12,4,8,17,7,-48,3.178290569
19.999530,42,20,-29,-31,23,-42,-25,-96,3.178290569
19.999542,-38,-31,0,-24,-98,-55,-44,-14,3.178290569
20.000053,37,55,0,-39,-17,-45,37,-24,3.178290569
20.000066,37,55,-5,48,60,59,-62,-30,3.178290569
